baseline,L_km,keep_fraction,context_repeats,nn_ap,nn_ap_repeat_min,nn_ap_repeat_max,baseline_ap,baseline_ap_repeat_min,baseline_ap_repeat_max,ap_difference,ap_difference_repeat_min,ap_difference_repeat_max,coverage_1_difference,coverage_1_difference_repeat_min,coverage_1_difference_repeat_max,coverage_5_difference,coverage_5_difference_repeat_min,coverage_5_difference_repeat_max,coverage_10_difference,coverage_10_difference_repeat_min,coverage_10_difference_repeat_max
kernel_density,10,0.0,1,0.03654607254591914,0.03654607254591914,0.03654607254591914,0.03329619618505872,0.03329619618505872,0.03329619618505872,0.0032498763608604206,0.0032498763608604206,0.0032498763608604206,0.0052483056565096305,0.0052483056565096305,0.0052483056565096305,0.008176130121139652,0.008176130121139652,0.008176130121139652,0.01612735692143883,0.01612735692143883,0.01612735692143883
kernel_density,10,0.25,3,0.1256415504110592,0.1143173693945401,0.1349837021405188,0.13420265989010488,0.1232105977098214,0.1521613012610158,-0.008561109479045655,-0.01717759912049695,0.0003874989986412962,0.01530011677264638,0.008018370139484358,0.02076250883837697,-0.02172172379698548,-0.029288830574394274,-0.011155043569862863,-0.05792759373401334,-0.06175494566380443,-0.053451890114862115
kernel_density,10,0.5,3,0.19408458532376696,0.18390955789363428,0.20130784479893388,0.1997451290173301,0.19601872487517516,0.20200886024385314,-0.005660543693563161,-0.01210916698154088,-0.0007010154449193214,0.006346268499663434,0.0017245414379624818,0.008881598088389729,-0.007582018415126099,-0.014459497735385728,0.0007453699561612555,-0.01808921556084993,-0.024835499489923953,-0.006385930355883174
kernel_density,10,1.0,1,0.2701428616732812,0.2701428616732812,0.2701428616732812,0.2847786259859418,0.2847786259859418,0.2847786259859418,-0.01463576431266063,-0.01463576431266063,-0.01463576431266063,-0.01059859761052844,-0.01059859761052844,-0.01059859761052844,0.008739464428149452,0.008739464428149452,0.008739464428149452,0.005699130552891908,0.005699130552891908,0.005699130552891908
kernel_density,20,0.0,1,0.03654607254591914,0.03654607254591914,0.03654607254591914,0.03329619618505872,0.03329619618505872,0.03329619618505872,0.0032498763608604206,0.0032498763608604206,0.0032498763608604206,0.0052483056565096305,0.0052483056565096305,0.0052483056565096305,0.008176130121139652,0.008176130121139652,0.008176130121139652,0.01612735692143883,0.01612735692143883,0.01612735692143883
kernel_density,20,0.25,3,0.10078358226701883,0.09333444924824905,0.10500147291869308,0.09177139174223249,0.0859931096540178,0.0958709315121667,0.009012190524786344,0.007341339594231262,0.010564690573601397,0.027502928341301313,0.021650755726444953,0.03391004009099075,0.0003146692219504066,-0.011394830053253539,0.023115376912864746,-0.04186791515595369,-0.053543540170852784,-0.03210870542069449
kernel_density,20,0.5,3,0.13999037058541536,0.1251820575034152,0.1499759438986233,0.14076816855083626,0.137190288873058,0.14479038468286276,-0.0007777979654209058,-0.012008231369642783,0.005185559215760545,0.012956637484386345,0.0065715155458623805,0.0196417232876329,-0.0072264167831582295,-0.016281853204831772,0.00047387883577422,-0.039621644716514255,-0.04269077249469184,-0.036890695463811185
kernel_density,20,1.0,1,0.19098206351566382,0.19098206351566382,0.19098206351566382,0.20875914353238798,0.20875914353238798,0.20875914353238798,-0.017777080016724157,-0.017777080016724157,-0.017777080016724157,-0.007835127699861848,-0.007835127699861848,-0.007835127699861848,-0.029366399387576163,-0.029366399387576163,-0.029366399387576163,-0.023672191961308386,-0.023672191961308386,-0.023672191961308386
nearest,10,0.0,1,0.03654607254591914,0.03654607254591914,0.03654607254591914,0.03329619618505872,0.03329619618505872,0.03329619618505872,0.0032498763608604206,0.0032498763608604206,0.0032498763608604206,0.0052483056565096305,0.0052483056565096305,0.0052483056565096305,0.008176130121139652,0.008176130121139652,0.008176130121139652,0.01612735692143883,0.01612735692143883,0.01612735692143883
nearest,10,0.25,3,0.1256415504110592,0.1143173693945401,0.1349837021405188,0.10700086707113604,0.09925530038839438,0.11448267448816532,0.0186406833399232,0.015062069006145722,0.02050102765235351,0.011605732033383427,0.008744525096050441,0.015053397997826694,0.012096891436986064,0.00858901164299453,0.01603278349807453,0.012658374929282186,0.00970264675615336,0.01790724712043616
nearest,10,0.5,3,0.19408458532376696,0.18390955789363428,0.20130784479893388,0.14227438373398824,0.13690725462169423,0.1458118219265036,0.05181020158977872,0.04700230327194002,0.055496022872430245,0.023893504211179334,0.021207499707515814,0.025459816725467026,0.04364654899577298,0.03904518774295762,0.0488157109650779,0.038473224765114396,0.037133670237696675,0.04056185038007428
nearest,10,1.0,1,0.2701428616732812,0.2701428616732812,0.2701428616732812,0.18184671286880824,0.18184671286880824,0.18184671286880824,0.08829614880447298,0.08829614880447298,0.08829614880447298,0.044185329709562744,0.044185329709562744,0.044185329709562744,0.07011369937557106,0.07011369937557106,0.07011369937557106,0.04937064866074837,0.04937064866074837,0.04937064866074837
nearest,20,0.0,1,0.03654607254591914,0.03654607254591914,0.03654607254591914,0.03329619618505872,0.03329619618505872,0.03329619618505872,0.0032498763608604206,0.0032498763608604206,0.0032498763608604206,0.0052483056565096305,0.0052483056565096305,0.0052483056565096305,0.008176130121139652,0.008176130121139652,0.008176130121139652,0.01612735692143883,0.01612735692143883,0.01612735692143883
nearest,20,0.25,3,0.10078358226701883,0.09333444924824905,0.10500147291869308,0.0849524246382765,0.0796344574600426,0.09016710073224099,0.015831157628742352,0.013699991788206448,0.018959108911568528,0.008085673808443456,0.0075969301993853,0.008944334976664086,0.017211105182136296,0.014069264667603078,0.01966210334399156,0.013007889760275134,0.0024158707682741007,0.02335700402075306
nearest,20,0.5,3,0.13999037058541536,0.1251820575034152,0.1499759438986233,0.11001316404264223,0.10222978482090984,0.11427579536179827,0.029977206542773107,0.022952272682505357,0.035700148536825016,0.011134002976806702,0.010110697098300796,0.01293906698248984,0.03796264101996889,0.032704277596433046,0.04192267980833539,0.03752769413664949,0.032098863743881906,0.04800502704856467
nearest,20,1.0,1,0.19098206351566382,0.19098206351566382,0.19098206351566382,0.13480809267739147,0.13480809267739147,0.13480809267739147,0.05617397083827237,0.05617397083827237,0.05617397083827237,0.02004393774116303,0.02004393774116303,0.02004393774116303,0.05717774211337931,0.05717774211337931,0.05717774211337931,0.07799082373852236,0.07799082373852236,0.07799082373852236
spatial_rf,10,0.0,1,0.03654607254591914,0.03654607254591914,0.03654607254591914,0.03329619618505872,0.03329619618505872,0.03329619618505872,0.0032498763608604206,0.0032498763608604206,0.0032498763608604206,0.0052483056565096305,0.0052483056565096305,0.0052483056565096305,0.008176130121139652,0.008176130121139652,0.008176130121139652,0.01612735692143883,0.01612735692143883,0.01612735692143883
spatial_rf,10,0.25,3,0.1256415504110592,0.1143173693945401,0.1349837021405188,0.10756588694648024,0.09984450953116762,0.11423423149277892,0.01807566346457899,0.013389348205339855,0.026364782325024663,0.0139242403423016,0.008708514205417565,0.02290139191302841,0.03512785058290137,0.030368225576002123,0.04453470320093043,0.03617313289175071,0.01839648222431006,0.05599258638317518
spatial_rf,10,0.5,3,0.19408458532376696,0.18390955789363428,0.20130784479893388,0.16884110246629389,0.1646851639837711,0.17333188748570633,0.025243482857473076,0.01922439390986316,0.028530097349328556,0.01215541660513527,0.007370870557314559,0.016093561275449846,0.018308965111034112,0.012565062501964831,0.025970161293807012,0.043453428910289825,0.03236960276576213,0.059011451706696416
spatial_rf,10,1.0,1,0.2701428616732812,0.2701428616732812,0.2701428616732812,0.23827659114773564,0.23827659114773564,0.23827659114773564,0.03186627052554554,0.03186627052554554,0.03186627052554554,0.016819630566172368,0.016819630566172368,0.016819630566172368,0.012508539646517568,0.012508539646517568,0.012508539646517568,0.024652212085696644,0.024652212085696644,0.024652212085696644
spatial_rf,20,0.0,1,0.03654607254591914,0.03654607254591914,0.03654607254591914,0.03329619618505872,0.03329619618505872,0.03329619618505872,0.0032498763608604206,0.0032498763608604206,0.0032498763608604206,0.0052483056565096305,0.0052483056565096305,0.0052483056565096305,0.008176130121139652,0.008176130121139652,0.008176130121139652,0.01612735692143883,0.01612735692143883,0.01612735692143883
spatial_rf,20,0.25,3,0.10078358226701883,0.09333444924824905,0.10500147291869308,0.09486311715068323,0.09305549260154741,0.09593256393368584,0.005920465116335614,0.0002789566467016459,0.009400178001876645,0.004025255436458736,0.002983702631367573,0.005665932957276156,0.03402390515252974,0.010466026456569433,0.04968800036150072,0.03630615396224989,0.008825811803303218,0.05631464509194514
spatial_rf,20,0.5,3,0.13999037058541536,0.1251820575034152,0.1499759438986233,0.12650497038228978,0.11558352832798306,0.13305452883019916,0.013485400203125565,0.009598529175432148,0.016921415068424144,0.00040214530983730557,-0.0030695752357856104,0.003097934582000969,0.03794738706004758,0.022365651934094934,0.05020763568532841,0.05262251398185441,0.033674425610052766,0.06753750802024439
spatial_rf,20,1.0,1,0.19098206351566382,0.19098206351566382,0.19098206351566382,0.17569841280083773,0.17569841280083773,0.17569841280083773,0.015283650714826073,0.015283650714826073,0.015283650714826073,0.005176288054688778,0.005176288054688778,0.005176288054688778,-0.004675359515800456,-0.004675359515800456,-0.004675359515800456,0.027071363864852496,0.027071363864852496,0.027071363864852496
