method,model_seed,L_km,keep_fraction,context_repeat,ap,coverage_1,coverage_5,coverage_10
kernel_density,0,10,0.0,0,0.033296196185058725,0.008044948687092329,0.04887439151262767,0.1000939537745354
kernel_density,0,10,0.25,101,0.12723608069947748,0.06946712155339808,0.2539720920085731,0.4076333172783346
kernel_density,0,10,0.25,211,0.15216130126101576,0.0894306263882616,0.27487378647531613,0.423211510383725
kernel_density,0,10,0.25,307,0.12321059770982139,0.06453402684236065,0.24904254989302207,0.3873124723983035
kernel_density,0,10,0.5,101,0.19601872487517516,0.11225917663361247,0.3394748164283816,0.49631701414618323
kernel_density,0,10,0.5,211,0.20120780193296206,0.11460024372154516,0.3485970173502661,0.5088765889629543
kernel_density,0,10,0.5,307,0.2020088602438532,0.11437260165209977,0.35115932839349195,0.5057096836124466
kernel_density,0,10,1.0,0,0.2847786259859419,0.15701728500593817,0.42198521657010923,0.5886343181677612
kernel_density,0,20,0.0,0,0.033296196185058725,0.008044948687092329,0.04887439151262767,0.1000939537745354
kernel_density,0,20,0.25,101,0.0958709315121667,0.04481369200941488,0.22079784023451812,0.3538472199873715
kernel_density,0,20,0.25,211,0.0859931096540178,0.051383399458969276,0.17479814218565468,0.3101741624849516
kernel_density,0,20,0.25,307,0.09345013406051299,0.05146384494435108,0.214953309778096,0.3302220293399278
kernel_density,0,20,0.5,101,0.14032383209658802,0.08295034612599321,0.27990288783364825,0.428559101371978
kernel_density,0,20,0.5,211,0.13719028887305798,0.0776481721857669,0.2562299247408691,0.41130246354016453
kernel_density,0,20,0.5,307,0.14479038468286276,0.07611722702436106,0.2988851224118248,0.44642929061662073
kernel_density,0,20,1.0,0,0.20875914353238798,0.11733671536721886,0.3626465920526982,0.5254208265659177
mineral_only_zero_geo,17,10,0.0,0,0.03634327951752911,0.01585823113809296,0.053953888082313356,0.11819614899763552
mineral_only_zero_geo,17,10,0.25,101,0.12963219964718847,0.08901209970805037,0.24679069447524649,0.3644235518538943
mineral_only_zero_geo,17,10,0.25,211,0.13992423969899934,0.09624642798827794,0.2516720245239708,0.3772036063114484
mineral_only_zero_geo,17,10,0.25,307,0.12124724219907267,0.08332759595133464,0.23016933328434855,0.3446721015677649
mineral_only_zero_geo,17,10,0.5,101,0.18404768423771303,0.11418115439311137,0.3365070153843172,0.47563546739564405
mineral_only_zero_geo,17,10,0.5,211,0.19796202217826067,0.12497364607625482,0.33969588120577726,0.48712143527529755
mineral_only_zero_geo,17,10,0.5,307,0.20104377070386095,0.12264148149603175,0.35592549142381075,0.5044709939454988
mineral_only_zero_geo,17,10,1.0,0,0.2655331963221156,0.14585435163490543,0.42832308547518405,0.5925761665438413
mineral_only_zero_geo,17,20,0.0,0,0.03634327951752911,0.01585823113809296,0.053953888082313356,0.11819614899763552
mineral_only_zero_geo,17,20,0.25,101,0.10810021218271337,0.07808482279869841,0.21617022316780835,0.3203600943108225
mineral_only_zero_geo,17,20,0.25,211,0.09770959007695397,0.07298966020843378,0.2035081875631993,0.2955840284600337
mineral_only_zero_geo,17,20,0.25,307,0.10591879367053642,0.07586788375232836,0.2098765739291247,0.2906089436353114
mineral_only_zero_geo,17,20,0.5,101,0.14292991591865942,0.0905207211911354,0.2822765798784646,0.4006511409494182
mineral_only_zero_geo,17,20,0.5,211,0.12482145302439218,0.08198749656099691,0.24745899912616112,0.37361215473653225
mineral_only_zero_geo,17,20,0.5,307,0.15147573283011312,0.09407093654145045,0.2846680462466591,0.41559957315890417
mineral_only_zero_geo,17,20,1.0,0,0.18832098555787447,0.1070365328966343,0.3317992009759944,0.5104211535456185
mineral_only_zero_geo,29,10,0.0,0,0.0363999928666014,0.01253036834300801,0.052209352251333496,0.11089900259641838
mineral_only_zero_geo,29,10,0.25,101,0.1304366113210683,0.09339114981637701,0.2474596458103762,0.36005169262665765
mineral_only_zero_geo,29,10,0.25,211,0.13430050220043288,0.09667798301845008,0.24320090170016864,0.35602524873144564
mineral_only_zero_geo,29,10,0.25,307,0.11061480199426006,0.08192334263273325,0.22164674368115989,0.3241376303795019
mineral_only_zero_geo,29,10,0.5,101,0.18629503529196448,0.11346373066793786,0.3288666651076643,0.4763725451478602
mineral_only_zero_geo,29,10,0.5,211,0.1983702190134572,0.12220283707787571,0.33474020324942666,0.4811110409139032
mineral_only_zero_geo,29,10,0.5,307,0.20389223447168225,0.12387455798493985,0.3496453094108813,0.4990821014998657
mineral_only_zero_geo,29,10,1.0,0,0.27915465201847317,0.15255440136775064,0.43159286459760066,0.5938867933438331
mineral_only_zero_geo,29,20,0.0,0,0.0363999928666014,0.01253036834300801,0.052209352251333496,0.11089900259641838
mineral_only_zero_geo,29,20,0.25,101,0.1111922757545132,0.08247861739820099,0.2194078304481161,0.3032605035383947
mineral_only_zero_geo,29,20,0.25,211,0.09562195531347485,0.07493223733449815,0.20230990648333733,0.27702263893862944
mineral_only_zero_geo,29,20,0.25,307,0.10744394116648477,0.08248058908744399,0.20830679904153937,0.29294387832631985
mineral_only_zero_geo,29,20,0.5,101,0.15269116291298981,0.09772544552538691,0.2889685104745563,0.3950649008193024
mineral_only_zero_geo,29,20,0.5,211,0.1301591034711861,0.08841218269915263,0.26228556574895906,0.37537481895216485
mineral_only_zero_geo,29,20,0.5,307,0.1543308828385523,0.09805806829912095,0.2903370479241833,0.41658300640555185
mineral_only_zero_geo,29,20,1.0,0,0.19862872505960552,0.11255639778637522,0.3384236049136485,0.5151909246233354
mineral_only_zero_geo,43,10,0.0,0,0.03689494525362693,0.011491163549704912,0.06498832456765513,0.1195687804938688
mineral_only_zero_geo,43,10,0.25,101,0.12280192812609958,0.08828564165089776,0.234200805030508,0.3380690370098653
mineral_only_zero_geo,43,10,0.25,211,0.1307263645221243,0.09942257857650984,0.24188194147862618,0.3511408391168676
mineral_only_zero_geo,43,10,0.25,307,0.11109006399028754,0.07970955596324746,0.22114768097345983,0.31739984897752344
mineral_only_zero_geo,43,10,0.5,101,0.18138595415122535,0.11430626915367563,0.32595498639470183,0.4678043793848176
mineral_only_zero_geo,43,10,0.5,211,0.1947768186444805,0.12192224592841923,0.32797647438943717,0.4838907922298903
mineral_only_zero_geo,43,10,0.5,307,0.19898752922125837,0.12324655974049685,0.35014329421426776,0.494418164324326
mineral_only_zero_geo,43,10,1.0,0,0.2657407366792548,0.1408473091835731,0.4322580929219913,0.5965373862742848
mineral_only_zero_geo,43,20,0.0,0,0.03689494525362693,0.011491163549704912,0.06498832456765513,0.1195687804938688
mineral_only_zero_geo,43,20,0.25,101,0.0957119308188527,0.07560775610431751,0.19448584950634995,0.27729044160033905
mineral_only_zero_geo,43,20,0.25,211,0.08667180235431833,0.07118056801331075,0.18792246324902165,0.26158970379410823
mineral_only_zero_geo,43,20,0.25,307,0.09868173906532196,0.07688702961268558,0.1924920662038634,0.2872587664292107
mineral_only_zero_geo,43,20,0.5,101,0.1388182522309734,0.09857489252044861,0.2698852096552465,0.37211086377409414
mineral_only_zero_geo,43,20,0.5,211,0.12056561601466738,0.08225938393473829,0.24133138140623553,0.35684809944772106
mineral_only_zero_geo,43,20,0.5,307,0.14412121602720449,0.0951478460954105,0.2728047134501366,0.39643320589397274
mineral_only_zero_geo,43,20,1.0,0,0.18599647992951143,0.1089118323190616,0.32961777210572324,0.47963382564487395
nearest,0,10,0.0,0,0.033296196185058725,0.008044948687092329,0.04887439151262767,0.1000939537745354
nearest,0,10,0.25,101,0.10726462633684841,0.0792103573855019,0.22678426494063567,0.3362741800430362
nearest,0,10,0.25,211,0.11448267448816533,0.08239559852991928,0.23699594425792736,0.3517539179637672
nearest,0,10,0.25,307,0.09925530038839436,0.07290897308638801,0.2126523734764336,0.31837129606367304
nearest,0,10,0.5,101,0.13690725462169429,0.09277621836405914,0.28736414068294436,0.43613712707174396
nearest,0,10,0.5,211,0.14410407465376687,0.09801971349362809,0.29509233187192274,0.44347923909295606
nearest,0,10,0.5,307,0.1458118219265036,0.09779438301502245,0.3030889873845754,0.46159959957899127
nearest,0,10,1.0,0,0.18184671286880824,0.10223335768584697,0.3606109816226876,0.5449628000599047
nearest,0,20,0.0,0,0.033296196185058725,0.008044948687092329,0.04887439151262767,0.1000939537745354
nearest,0,20,0.25,101,0.09016710073224099,0.07112680190102033,0.19035919769676657,0.2870528853247205
nearest,0,20,0.25,211,0.07963445746004261,0.06408982020875013,0.18384425443091634,0.275649586295983
nearest,0,20,0.25,307,0.08505571572254587,0.07069607790153833,0.18565653219002823,0.2669135254428609
nearest,0,20,0.5,101,0.1135339119452186,0.08549632264735618,0.23845408686108713,0.3567964435634363
nearest,0,20,0.5,211,0.10222978482090984,0.07386744288199981,0.21765437116401887,0.3365128273015909
nearest,0,20,0.5,307,0.11427579536179827,0.08281988332950412,0.24334230355185474,0.3615335681042449
nearest,0,20,1.0,0,0.13480809267739144,0.089457649926194,0.2761024505517427,0.42375781086608694
spatial_rf,731,10,0.0,0,0.033296196185058725,0.008044948687092329,0.04887439151262767,0.1000939537745354
spatial_rf,731,10,0.25,101,0.1142342314927789,0.08152111618635748,0.21233642546693865,0.33578494493916233
spatial_rf,731,10,0.25,211,0.10861891981549415,0.07454760461471756,0.20105025269999144,0.3054639783367454
spatial_rf,731,10,0.25,307,0.09984450953116764,0.07149068327397963,0.19395302707032067,0.2946061969071632
spatial_rf,731,10,0.5,101,0.16468516398377114,0.10661284751426041,0.31405121742489733,0.4409011945436785
spatial_rf,731,10,0.5,211,0.1685062559294042,0.10693934841873341,0.32157245711291554,0.4450618572146194
spatial_rf,731,10,0.5,307,0.17333188748570635,0.11025238175784807,0.32593453705584624,0.44031230154986706
spatial_rf,731,10,1.0,0,0.2382765911477357,0.12959905682923736,0.41821614135174107,0.5696812366349564
spatial_rf,731,20,0.0,0,0.033296196185058725,0.008044948687092329,0.04887439151262767,0.1000939537745354
spatial_rf,731,20,0.25,101,0.09560129491681645,0.07574002946903806,0.16810361240123906,0.24398903472457364
spatial_rf,731,20,0.25,211,0.0930554926015474,0.06960802446468174,0.18744749264195001,0.2692396452609539
spatial_rf,731,20,0.25,307,0.09593256393368584,0.07274590119354314,0.15387047936334175,0.2464925244721127
spatial_rf,731,20,0.5,101,0.13087685398868712,0.09442894316236043,0.23910789310870306,0.3326200268656722
spatial_rf,731,20,0.5,211,0.11558352832798306,0.08112175314962831,0.227992996826357,0.33493726543541996
spatial_rf,731,20,0.5,307,0.13305452883019916,0.09882852554777956,0.2323956335216646,0.34200108713256516
spatial_rf,731,20,1.0,0,0.17569841280083776,0.10432529961266827,0.33795555218092255,0.4746772707397568
