L_km,keep_fraction,method,region,target,ap,coverage_5
10,0.0,kernel_density,arizona,Copper,0.0309729282421089,0.0534351145038167
10,0.0,kernel_density,arizona,Gold,0.0277101312211845,0.0511945392491467
10,0.0,kernel_density,colorado,Copper,0.0197411764705882,0.0452920143027413
10,0.0,kernel_density,colorado,Gold,0.0323529411764705,0.0465454545454545
10,0.0,kernel_density,nevada,Copper,0.0302999999999999,0.0495049504950495
10,0.0,kernel_density,nevada,Gold,0.0586999999999999,0.047274275979557
10,0.0,mineral_only_zero_geo,arizona,Copper,0.035361604221951635,0.05826972010178113
10,0.0,mineral_only_zero_geo,arizona,Gold,0.03198428818592713,0.06001137656427757
10,0.0,mineral_only_zero_geo,colorado,Copper,0.019936336204944165,0.05244338498212153
10,0.0,mineral_only_zero_geo,colorado,Gold,0.03550859084298147,0.0596363636363636
10,0.0,mineral_only_zero_geo,nevada,Copper,0.0331970449247666,0.0547304730473047
10,0.0,mineral_only_zero_geo,nevada,Gold,0.06328857089494354,0.05721181147075519
10,0.0,nearest,arizona,Copper,0.0309729282421089,0.0534351145038167
10,0.0,nearest,arizona,Gold,0.0277101312211845,0.0511945392491467
10,0.0,nearest,colorado,Copper,0.0197411764705882,0.0452920143027413
10,0.0,nearest,colorado,Gold,0.0323529411764705,0.0465454545454545
10,0.0,nearest,nevada,Copper,0.0302999999999999,0.0495049504950495
10,0.0,nearest,nevada,Gold,0.0586999999999999,0.047274275979557
10,0.0,spatial_rf,arizona,Copper,0.0309729282421089,0.0534351145038167
10,0.0,spatial_rf,arizona,Gold,0.0277101312211845,0.0511945392491467
10,0.0,spatial_rf,colorado,Copper,0.0197411764705882,0.0452920143027413
10,0.0,spatial_rf,colorado,Gold,0.0323529411764705,0.0465454545454545
10,0.0,spatial_rf,nevada,Copper,0.0302999999999999,0.0495049504950495
10,0.0,spatial_rf,nevada,Gold,0.0586999999999999,0.047274275979557
10,0.25,kernel_density,arizona,Copper,0.12333538320768854,0.26488549618320606
10,0.25,kernel_density,arizona,Gold,0.13702729757853813,0.2946530147895335
10,0.25,kernel_density,colorado,Copper,0.12909367548385112,0.34366309098132697
10,0.25,kernel_density,colorado,Gold,0.24946808808003043,0.4043636363636363
10,0.25,kernel_density,nevada,Copper,0.059015787858280565,0.12981298129812976
10,0.25,kernel_density,nevada,Gold,0.1072757271322403,0.11839863713798975
10,0.25,mineral_only_zero_geo,arizona,Copper,0.11506017797119905,0.22926208651399488
10,0.25,mineral_only_zero_geo,arizona,Gold,0.1202344335206486,0.2559726962457337
10,0.25,mineral_only_zero_geo,colorado,Copper,0.10806379467182764,0.27056019070321813
10,0.25,mineral_only_zero_geo,colorado,Gold,0.20704034250782688,0.3247676767676768
10,0.25,mineral_only_zero_geo,nevada,Copper,0.07773434645139297,0.18408507517418404
10,0.25,mineral_only_zero_geo,nevada,Gold,0.12571620734346,0.16079878856710197
10,0.25,nearest,arizona,Copper,0.10600388749686844,0.21755725190839692
10,0.25,nearest,arizona,Gold,0.10423345648837197,0.23321956769055743
10,0.25,nearest,colorado,Copper,0.09458878490010048,0.2689709972189114
10,0.25,nearest,colorado,Gold,0.15235879696554994,0.29503030303030303
10,0.25,nearest,nevada,Copper,0.07380264210668416,0.18646864686468642
10,0.25,nearest,nevada,Gold,0.11101763446924089,0.15161839863713797
10,0.25,spatial_rf,arizona,Copper,0.07564696150241074,0.1254452926208651
10,0.25,spatial_rf,arizona,Gold,0.10997243785558643,0.2323663253697383
10,0.25,spatial_rf,colorado,Copper,0.0755940363151948,0.19944378228049256
10,0.25,spatial_rf,colorado,Gold,0.19492689889449985,0.3246060606060606
10,0.25,spatial_rf,nevada,Copper,0.06376809490026787,0.17381738173817377
10,0.25,spatial_rf,nevada,Gold,0.1254868922109215,0.1590005678591709
10,0.5,kernel_density,arizona,Copper,0.17752947794389354,0.3447837150127226
10,0.5,kernel_density,arizona,Gold,0.19316309322486716,0.3654721274175199
10,0.5,kernel_density,colorado,Copper,0.23273879120370267,0.4922526817640048
10,0.5,kernel_density,colorado,Gold,0.37430840403320326,0.5197575757575758
10,0.5,kernel_density,nevada,Copper,0.08075964320180083,0.1883938393839384
10,0.5,kernel_density,nevada,Gold,0.13997136449651312,0.16780238500851785
10,0.5,mineral_only_zero_geo,arizona,Copper,0.18812204247350806,0.33324851569126374
10,0.5,mineral_only_zero_geo,arizona,Gold,0.19323410691569223,0.36471368979901403
10,0.5,mineral_only_zero_geo,colorado,Copper,0.18954563421289236,0.4410011918951132
10,0.5,mineral_only_zero_geo,colorado,Gold,0.31322407991130985,0.44719191919191914
10,0.5,mineral_only_zero_geo,nevada,Copper,0.10612635282683891,0.23670700403373665
10,0.5,mineral_only_zero_geo,nevada,Gold,0.17425529560236017,0.21010789324247583
10,0.5,nearest,arizona,Copper,0.14767348059429827,0.30101781170483455
10,0.5,nearest,arizona,Gold,0.1404860499001588,0.30944254835039814
10,0.5,nearest,colorado,Copper,0.138184553307898,0.3865713150576082
10,0.5,nearest,colorado,Gold,0.19467048196027456,0.3546666666666667
10,0.5,nearest,nevada,Copper,0.09315604879036676,0.23157315731573155
10,0.5,nearest,nevada,Gold,0.1394756878509329,0.18781942078364558
10,0.5,spatial_rf,arizona,Copper,0.13448323849386545,0.27353689567430023
10,0.5,spatial_rf,arizona,Gold,0.18267380593287375,0.3606370875995449
10,0.5,spatial_rf,colorado,Copper,0.1372988045781485,0.37425506555423116
10,0.5,spatial_rf,colorado,Gold,0.30222019448586324,0.48654545454545456
10,0.5,spatial_rf,nevada,Copper,0.0894445141068226,0.2244224422442244
10,0.5,spatial_rf,nevada,Gold,0.1669260572001897,0.20371947756956268
10,1.0,kernel_density,arizona,Copper,0.2508203509516795,0.4106870229007633
10,1.0,kernel_density,arizona,Gold,0.276212490665836,0.4343003412969283
10,1.0,kernel_density,colorado,Copper,0.344170214433919,0.5876042908224076
10,1.0,kernel_density,colorado,Gold,0.4916298567330934,0.5876363636363636
10,1.0,kernel_density,nevada,Copper,0.1334805496596307,0.2706270627062706
10,1.0,kernel_density,nevada,Gold,0.2123582934714924,0.2410562180579216
10,1.0,mineral_only_zero_geo,arizona,Copper,0.25171229323652883,0.416030534351145
10,1.0,mineral_only_zero_geo,arizona,Gold,0.259485951052916,0.4459613196814562
10,1.0,mineral_only_zero_geo,colorado,Copper,0.28383767829397827,0.5788637266587208
10,1.0,mineral_only_zero_geo,colorado,Gold,0.4418936530417679,0.5762424242424242
10,1.0,mineral_only_zero_geo,nevada,Copper,0.14286965648764113,0.3039053905390539
10,1.0,mineral_only_zero_geo,nevada,Gold,0.2410579379268549,0.2633446905167518
10,1.0,nearest,arizona,Copper,0.1790911479014038,0.3564885496183206
10,1.0,nearest,arizona,Gold,0.179650037036759,0.3839590443686007
10,1.0,nearest,colorado,Copper,0.1803544579648685,0.4803337306317044
10,1.0,nearest,colorado,Gold,0.2531393776561391,0.4298181818181818
10,1.0,nearest,nevada,Copper,0.1175027170522849,0.2805280528052805
10,1.0,nearest,nevada,Gold,0.1813425396013939,0.2325383304940374
10,1.0,spatial_rf,arizona,Copper,0.2119171588252628,0.382442748091603
10,1.0,spatial_rf,arizona,Gold,0.2556937921296902,0.4513651877133106
10,1.0,spatial_rf,colorado,Copper,0.2218324709521817,0.5518474374255066
10,1.0,spatial_rf,colorado,Gold,0.3992688853343721,0.5781818181818181
10,1.0,spatial_rf,nevada,Copper,0.1264742927772026,0.2929042904290429
10,1.0,spatial_rf,nevada,Gold,0.2144729468677045,0.2525553662691652
20,0.0,kernel_density,arizona,Copper,0.0309729282421089,0.0534351145038167
20,0.0,kernel_density,arizona,Gold,0.0277101312211845,0.0511945392491467
20,0.0,kernel_density,colorado,Copper,0.0197411764705882,0.0452920143027413
20,0.0,kernel_density,colorado,Gold,0.0323529411764705,0.0465454545454545
20,0.0,kernel_density,nevada,Copper,0.0302999999999999,0.0495049504950495
20,0.0,kernel_density,nevada,Gold,0.0586999999999999,0.047274275979557
20,0.0,mineral_only_zero_geo,arizona,Copper,0.035361604221951635,0.05826972010178113
20,0.0,mineral_only_zero_geo,arizona,Gold,0.03198428818592713,0.06001137656427757
20,0.0,mineral_only_zero_geo,colorado,Copper,0.019936336204944165,0.05244338498212153
20,0.0,mineral_only_zero_geo,colorado,Gold,0.03550859084298147,0.0596363636363636
20,0.0,mineral_only_zero_geo,nevada,Copper,0.0331970449247666,0.0547304730473047
20,0.0,mineral_only_zero_geo,nevada,Gold,0.06328857089494354,0.05721181147075519
20,0.0,nearest,arizona,Copper,0.0309729282421089,0.0534351145038167
20,0.0,nearest,arizona,Gold,0.0277101312211845,0.0511945392491467
20,0.0,nearest,colorado,Copper,0.0197411764705882,0.0452920143027413
20,0.0,nearest,colorado,Gold,0.0323529411764705,0.0465454545454545
20,0.0,nearest,nevada,Copper,0.0302999999999999,0.0495049504950495
20,0.0,nearest,nevada,Gold,0.0586999999999999,0.047274275979557
20,0.0,spatial_rf,arizona,Copper,0.0309729282421089,0.0534351145038167
20,0.0,spatial_rf,arizona,Gold,0.0277101312211845,0.0511945392491467
20,0.0,spatial_rf,colorado,Copper,0.0197411764705882,0.0452920143027413
20,0.0,spatial_rf,colorado,Gold,0.0323529411764705,0.0465454545454545
20,0.0,spatial_rf,nevada,Copper,0.0302999999999999,0.0495049504950495
20,0.0,spatial_rf,nevada,Gold,0.0586999999999999,0.047274275979557
20,0.25,kernel_density,arizona,Copper,0.07554717249410253,0.1679389312977099
20,0.25,kernel_density,arizona,Gold,0.07397338323534076,0.19340159271899884
20,0.25,kernel_density,colorado,Copper,0.09967418494448667,0.33412793007548663
20,0.25,kernel_density,colorado,Gold,0.1678316564337116,0.3369696969696969
20,0.25,kernel_density,nevada,Copper,0.046699646073201095,0.10121012101210118
20,0.25,kernel_density,nevada,Gold,0.0869023072725521,0.08745031232254397
20,0.25,mineral_only_zero_geo,arizona,Copper,0.08831634085356994,0.1901611535199321
20,0.25,mineral_only_zero_geo,arizona,Gold,0.08805569224837609,0.20989761092150166
20,0.25,mineral_only_zero_geo,colorado,Copper,0.10616440419735368,0.29638458482320224
20,0.25,mineral_only_zero_geo,colorado,Gold,0.16140928796157522,0.2744242424242424
20,0.25,mineral_only_zero_geo,nevada,Copper,0.057360601111761014,0.12605427209387599
20,0.25,mineral_only_zero_geo,nevada,Gold,0.10339516722947685,0.12606473594548548
20,0.25,nearest,arizona,Copper,0.07890605801066809,0.171501272264631
20,0.25,nearest,arizona,Gold,0.07680128291415071,0.18913538111490324
20,0.25,nearest,colorado,Copper,0.09199247519196176,0.2812872467222884
20,0.25,nearest,colorado,Gold,0.11924558954874427,0.23927272727272722
20,0.25,nearest,nevada,Copper,0.05207847230901023,0.12211221122112208
20,0.25,nearest,nevada,Gold,0.0906906698551236,0.11641113003975011
20,0.25,spatial_rf,arizona,Copper,0.06074751047008476,0.0903307888040712
20,0.25,spatial_rf,arizona,Gold,0.076120463860565,0.15159271899886229
20,0.25,spatial_rf,colorado,Copper,0.09655274315868456,0.2522844656336909
20,0.25,spatial_rf,colorado,Gold,0.18413778303576644,0.2962424242424242
20,0.25,spatial_rf,nevada,Copper,0.049743200261940734,0.10176017601760169
20,0.25,spatial_rf,nevada,Gold,0.10187700211705752,0.1266325951164111
20,0.5,kernel_density,arizona,Copper,0.11475293352702746,0.26132315521628496
20,0.5,kernel_density,arizona,Gold,0.11624888232790986,0.2946530147895335
20,0.5,kernel_density,colorado,Copper,0.16644832440293414,0.42510925705204605
20,0.5,kernel_density,colorado,Gold,0.2859770533314106,0.4416969696969697
20,0.5,kernel_density,nevada,Copper,0.05618646966717097,0.12871287128712866
20,0.5,kernel_density,nevada,Gold,0.10499534804856418,0.11854060193072113
20,0.5,mineral_only_zero_geo,arizona,Copper,0.1276369087986967,0.2602205258693808
20,0.5,mineral_only_zero_geo,arizona,Gold,0.13247286689570714,0.2942737959802806
20,0.5,mineral_only_zero_geo,colorado,Copper,0.14482019013353942,0.3739901999735134
20,0.5,mineral_only_zero_geo,colorado,Gold,0.22470163821829153,0.3637979797979798
20,0.5,mineral_only_zero_geo,nevada,Copper,0.0742515971649485,0.1689585625229189
20,0.5,mineral_only_zero_geo,nevada,Gold,0.13605902230130845,0.16543630512966112
20,0.5,nearest,arizona,Copper,0.10796548172942406,0.22620865139949106
20,0.5,nearest,arizona,Gold,0.10662347285924556,0.24459613196814556
20,0.5,nearest,colorado,Copper,0.1152272305193422,0.32936034962256655
20,0.5,nearest,colorado,Gold,0.15078875563307145,0.29187878787878785
20,0.5,nearest,nevada,Copper,0.06783651972930503,0.16006600660066003
20,0.5,nearest,nevada,Gold,0.11163752378546493,0.14679159568427028
20,0.5,spatial_rf,arizona,Copper,0.08639831248447176,0.16386768447837144
20,0.5,spatial_rf,arizona,Gold,0.11498623757048176,0.24971558589306028
20,0.5,spatial_rf,colorado,Copper,0.12480904434319534,0.30631704410011923
20,0.5,spatial_rf,colorado,Gold,0.24757966442534332,0.3815757575757576
20,0.5,spatial_rf,nevada,Copper,0.05890594572262744,0.13723872387238722
20,0.5,spatial_rf,nevada,Gold,0.12635061774761877,0.16027825099375348
20,1.0,kernel_density,arizona,Copper,0.2017057815036491,0.3503816793893129
20,1.0,kernel_density,arizona,Gold,0.209933499424201,0.3933447098976109
20,1.0,kernel_density,colorado,Copper,0.2278417989626442,0.5160905840286055
20,1.0,kernel_density,colorado,Gold,0.3811919825012277,0.5381818181818182
20,1.0,kernel_density,nevada,Copper,0.0806646565413147,0.1938943894389438
20,1.0,kernel_density,nevada,Gold,0.1512171422612909,0.1839863713798978
20,1.0,mineral_only_zero_geo,arizona,Copper,0.18409710646970137,0.3147582697201018
20,1.0,mineral_only_zero_geo,arizona,Gold,0.19282847814119908,0.3677474402730376
20,1.0,mineral_only_zero_geo,colorado,Copper,0.18337906722598915,0.432657926102503
20,1.0,mineral_only_zero_geo,colorado,Gold,0.2985266581976715,0.45696969696969697
20,1.0,mineral_only_zero_geo,nevada,Copper,0.10249742096489219,0.22084708470847084
20,1.0,mineral_only_zero_geo,nevada,Gold,0.1845636500945295,0.20670073821692217
20,1.0,nearest,arizona,Copper,0.1356343352300121,0.266412213740458
20,1.0,nearest,arizona,Gold,0.1380837287234575,0.2977815699658703
20,1.0,nearest,colorado,Copper,0.1255617199899452,0.3563766388557807
20,1.0,nearest,colorado,Gold,0.1796099513215571,0.3309090909090909
20,1.0,nearest,nevada,Copper,0.0900091158127422,0.2202970297029703
20,1.0,nearest,nevada,Gold,0.1399497049866344,0.1848381601362862
20,1.0,spatial_rf,arizona,Copper,0.1542859494425766,0.3083969465648855
20,1.0,spatial_rf,arizona,Gold,0.1750598465224729,0.3660409556313993
20,1.0,spatial_rf,colorado,Copper,0.1725869844290807,0.467222884386174
20,1.0,spatial_rf,colorado,Gold,0.3042975817555196,0.4938181818181818
20,1.0,spatial_rf,nevada,Copper,0.0853915508789285,0.1971947194719472
20,1.0,spatial_rf,nevada,Gold,0.162568563776448,0.1950596252129472
