baseline,L_km,keep_fraction,context_repeat,pairs,nn_ap,baseline_ap,ap_difference,coverage_1_difference,coverage_5_difference,coverage_10_difference
kernel_density,10,0.0,0,18,0.03654607254591914,0.03329619618505872,0.0032498763608604206,0.0052483056565096305,0.008176130121139652,0.01612735692143883
kernel_density,10,0.25,101,18,0.12762357969811877,0.12723608069947748,0.0003874989986412962,0.02076250883837697,-0.011155043569862863,-0.053451890114862115
kernel_density,10,0.25,211,18,0.1349837021405188,0.1521613012610158,-0.01717759912049695,0.008018370139484358,-0.029288830574394274,-0.06175494566380443
kernel_density,10,0.25,307,18,0.1143173693945401,0.1232105977098214,-0.008893228315281308,0.01711947134007781,-0.024721297246699307,-0.058575945423373486
kernel_density,10,0.5,101,18,0.18390955789363428,0.19601872487517516,-0.01210916698154088,0.0017245414379624818,-0.009031927466153826,-0.02304621683674267
kernel_density,10,0.5,211,18,0.19703635327873276,0.20120780193296206,-0.004171448654229281,0.008432665972638092,-0.014459497735385728,-0.024835499489923953
kernel_density,10,0.5,307,18,0.20130784479893388,0.20200886024385314,-0.0007010154449193214,0.008881598088389729,0.0007453699561612555,-0.006385930355883174
kernel_density,10,1.0,0,18,0.2701428616732812,0.2847786259859418,-0.01463576431266063,-0.01059859761052844,0.008739464428149452,0.005699130552891908
kernel_density,20,0.0,0,18,0.03654607254591914,0.03329619618505872,0.0032498763608604206,0.0052483056565096305,0.008176130121139652,0.01612735692143883
kernel_density,20,0.25,101,18,0.10500147291869308,0.0958709315121667,0.009130541406526374,0.03391004009099075,-0.010776539193759987,-0.053543540170852784
kernel_density,20,0.25,211,18,0.09333444924824905,0.0859931096540178,0.007341339594231262,0.021650755726444953,0.023115376912864746,-0.03210870542069449
kernel_density,20,0.25,307,18,0.10401482463411439,0.09345013406051299,0.010564690573601397,0.026947989206468237,-0.011394830053253539,-0.03995149987631381
kernel_density,20,0.5,101,18,0.14481311035420755,0.14032383209658802,0.0044892782576195205,0.012656673619663756,0.00047387883577422,-0.039283466191039756
kernel_density,20,0.5,211,18,0.1251820575034152,0.137190288873058,-0.012008231369642783,0.0065715155458623805,-0.005871275980417139,-0.04269077249469184
kernel_density,20,0.5,307,18,0.1499759438986233,0.14479038468286276,0.005185559215760545,0.0196417232876329,-0.016281853204831772,-0.036890695463811185
kernel_density,20,1.0,0,18,0.19098206351566382,0.20875914353238798,-0.017777080016724157,-0.007835127699861848,-0.029366399387576163,-0.023672191961308386
nearest,10,0.0,0,18,0.03654607254591914,0.03329619618505872,0.0032498763608604206,0.0052483056565096305,0.008176130121139652,0.01612735692143883
nearest,10,0.25,101,18,0.12762357969811877,0.10726462633684841,0.020358953361270367,0.011019273006273143,0.01603278349807453,0.01790724712043616
nearest,10,0.25,211,18,0.1349837021405188,0.11448267448816532,0.02050102765235351,0.015053397997826694,0.00858901164299453,0.00970264675615336
nearest,10,0.25,307,18,0.1143173693945401,0.09925530038839438,0.015062069006145722,0.008744525096050441,0.011668879169889132,0.010365230911257038
nearest,10,0.5,101,18,0.18390955789363428,0.13690725462169423,0.04700230327194002,0.021207499707515814,0.04307874827928344,0.037133670237696675
nearest,10,0.5,211,18,0.19703635327873276,0.14410407465376687,0.052932278624965884,0.02501319620055516,0.03904518774295762,0.04056185038007428
nearest,10,0.5,307,18,0.20130784479893388,0.1458118219265036,0.055496022872430245,0.025459816725467026,0.0488157109650779,0.03772415367757222
nearest,10,1.0,0,18,0.2701428616732812,0.18184671286880824,0.08829614880447298,0.044185329709562744,0.07011369937557106,0.04937064866074837
nearest,20,0.0,0,18,0.03654607254591914,0.03329619618505872,0.0032498763608604206,0.0052483056565096305,0.008176130121139652,0.01612735692143883
nearest,20,0.25,101,18,0.10500147291869308,0.09016710073224099,0.014834372186452085,0.0075969301993853,0.01966210334399156,0.013250794491798244
nearest,20,0.25,211,18,0.09333444924824905,0.0796344574600426,0.013699991788206448,0.008944334976664086,0.014069264667603078,0.0024158707682741007
nearest,20,0.25,307,18,0.10401482463411439,0.08505571572254586,0.018959108911568528,0.007715756249280981,0.01790194753481425,0.02335700402075306
nearest,20,0.5,101,18,0.14481311035420755,0.11353391194521861,0.03127919840898894,0.010110697098300796,0.04192267980833539,0.0324791916175019
nearest,20,0.5,211,18,0.1251820575034152,0.10222978482090984,0.022952272682505357,0.01035224484962947,0.032704277596433046,0.032098863743881906
nearest,20,0.5,307,18,0.1499759438986233,0.11427579536179827,0.035700148536825016,0.01293906698248984,0.039260965655138244,0.04800502704856467
nearest,20,1.0,0,18,0.19098206351566382,0.13480809267739147,0.05617397083827237,0.02004393774116303,0.05717774211337931,0.07799082373852236
spatial_rf,10,0.0,0,18,0.03654607254591914,0.03329619618505872,0.0032498763608604206,0.0052483056565096305,0.008176130121139652,0.01612735692143883
spatial_rf,10,0.25,101,18,0.12762357969811877,0.11423423149277892,0.013389348205339855,0.008708514205417565,0.03048062297177155,0.01839648222431006
spatial_rf,10,0.25,211,18,0.1349837021405188,0.10861891981549417,0.026364782325024663,0.02290139191302841,0.04453470320093043,0.05599258638317518
spatial_rf,10,0.25,307,18,0.1143173693945401,0.09984450953116762,0.014472859863372446,0.010162814908458825,0.030368225576002123,0.03413033006776689
spatial_rf,10,0.5,101,18,0.18390955789363428,0.1646851639837711,0.01922439390986316,0.007370870557314559,0.016391671537330496,0.03236960276576213
spatial_rf,10,0.5,211,18,0.19703635327873276,0.16850625592940421,0.028530097349328556,0.016093561275449846,0.012565062501964831,0.03897923225841092
spatial_rf,10,0.5,307,18,0.20130784479893388,0.17333188748570633,0.027975957313227513,0.013001817982641405,0.025970161293807012,0.059011451706696416
spatial_rf,10,1.0,0,18,0.2701428616732812,0.23827659114773564,0.03186627052554554,0.016819630566172368,0.012508539646517568,0.024652212085696644
spatial_rf,20,0.0,0,18,0.03654607254591914,0.03329619618505872,0.0032498763608604206,0.0052483056565096305,0.008176130121139652,0.01612735692143883
spatial_rf,20,0.25,101,18,0.10500147291869308,0.09560129491681643,0.009400178001876645,0.002983702631367573,0.041917688639519064,0.05631464509194514
spatial_rf,20,0.25,211,18,0.09333444924824905,0.09305549260154741,0.0002789566467016459,0.0034261307207324784,0.010466026456569433,0.008825811803303218
spatial_rf,20,0.25,307,18,0.10401482463411439,0.09593256393368584,0.00808226070042855,0.005665932957276156,0.04968800036150072,0.04377800499150131
spatial_rf,20,0.5,101,18,0.14481311035420755,0.13087685398868712,0.013936256365520403,0.0011780765832965579,0.0412688735607194,0.05665560831526607
spatial_rf,20,0.5,211,18,0.1251820575034152,0.11558352832798306,0.009598529175432148,0.003097934582000969,0.022365651934094934,0.033674425610052766
spatial_rf,20,0.5,307,18,0.1499759438986233,0.13305452883019916,0.016921415068424144,-0.0030695752357856104,0.05020763568532841,0.06753750802024439
spatial_rf,20,1.0,0,18,0.19098206351566382,0.17569841280083773,0.015283650714826073,0.005176288054688778,-0.004675359515800456,0.027071363864852496
