method,seed,km,phase,origin,region,target,ap,cells,positives,area_km2,target_groups,coverage_1,group_hit_1,actual_area_1,coverage_5,group_hit_5,actual_area_5,zero_positive_block_selected_area_km2,coverage_10,group_hit_10,actual_area_10
nearest,0,10,merged,inherited,nevada,Gold,0.1813425396013939,40000,2348,160000.0,4804,0.048977853492333905,0.07181515403830141,0.01,0.23253833049403747,0.3124479600333056,0.05,1508.0,0.37649063032367974,0.4660699417152373,0.1
nearest,0,10,merged,inherited,nevada,Copper,0.11750271705228492,40000,1212,160000.0,2147,0.07508250825082509,0.12063344201210992,0.01,0.28052805280528054,0.3591057289240801,0.05,2428.0,0.4273927392739274,0.5048905449464369,0.1
nearest,0,10,merged,inherited,arizona,Gold,0.179650037036759,42295,1172,169094.746282076,2217,0.10580204778156997,0.15065403698691926,0.010006224540988897,0.3839590443686007,0.4555705908885882,0.050017167428907904,2345.9192686080933,0.5674061433447098,0.6436626071267478,0.1000006385925071
nearest,0,10,merged,inherited,arizona,Copper,0.17909114790140385,42295,1310,169094.746282076,2527,0.09541984732824428,0.1294024535021765,0.010006224540988897,0.3564885496183206,0.40561931143648594,0.0500188175834806,1917.9192686080933,0.5435114503816794,0.5931935100910171,0.10001115197475786
nearest,0,10,merged,inherited,colorado,Gold,0.25313937765613914,42500,1375,170000.0,5258,0.12363636363636364,0.17268923545074172,0.01,0.4298181818181818,0.5327120578166603,0.05,1668.0,0.6589090909090909,0.7843286420692278,0.1
nearest,0,10,merged,inherited,colorado,Copper,0.18035445796486851,42500,839,170000.0,2064,0.16448152562574495,0.20155038759689922,0.01,0.4803337306317044,0.6007751937984496,0.05,2512.0,0.6960667461263409,0.812984496124031,0.1
nearest,0,20,merged,inherited,nevada,Gold,0.1399497049866344,40000,2348,160000.0,4804,0.05366269165247019,0.09554537885095754,0.01,0.1848381601362862,0.2712323064113239,0.05,464.0,0.28492333901192507,0.36927560366361367,0.1
nearest,0,20,merged,inherited,nevada,Copper,0.09000911581274228,40000,1212,160000.0,2147,0.08085808580858085,0.1224965067536097,0.01,0.2202970297029703,0.25663716814159293,0.05,944.0,0.31518151815181517,0.3502561714019562,0.1
nearest,0,20,merged,inherited,arizona,Gold,0.13808372872345756,42295,1172,169094.746282076,2217,0.09385665529010238,0.11096075778078485,0.010006224540988897,0.2977815699658703,0.31078033378439335,0.0500025761099577,693.8597845435143,0.4641638225255973,0.4758682904826342,0.10002154736523411
nearest,0,20,merged,inherited,arizona,Copper,0.13563433523001217,42295,1310,169094.746282076,2527,0.0916030534351145,0.1333597150771666,0.010006224540988897,0.26641221374045804,0.3078749505342303,0.050003684646978824,622.0472323298454,0.42748091603053434,0.46933122279382666,0.10000661253767426
nearest,0,20,merged,inherited,colorado,Gold,0.1796099513215571,42500,1375,170000.0,5258,0.10472727272727272,0.11848611639406618,0.01,0.33090909090909093,0.3392925066565234,0.05,700.0,0.5156363636363637,0.5228223659186002,0.1
nearest,0,20,merged,inherited,colorado,Copper,0.1255617199899452,42500,839,170000.0,2064,0.11203814064362336,0.11046511627906977,0.01,0.3563766388557807,0.3425387596899225,0.05,1444.0,0.5351609058402861,0.5319767441860465,0.1
rf_frozen,17,10,merged,inherited,nevada,Gold,0.07494986693774053,40000,2348,160000.0,4804,0.011073253833049404,0.00832639467110741,0.01,0.07538330494037479,0.0791007493755204,0.05,3496.0,0.1737649063032368,0.17027477102414654,0.1
rf_frozen,17,10,merged,inherited,nevada,Copper,0.04889971699621314,40000,1212,160000.0,2147,0.015676567656765675,0.012109920819748486,0.01,0.06683168316831684,0.0680018630647415,0.05,5024.0,0.18811881188118812,0.18258034466697717,0.1
rf_frozen,17,10,merged,inherited,arizona,Gold,0.04129685018793452,42295,1172,169094.746282076,2217,0.0,0.0,0.010006224540988897,0.006825938566552901,0.0045105999097880016,0.05000746732777903,8180.0,0.05631399317406143,0.05232295895354082,0.10001493465555807
rf_frozen,17,10,merged,inherited,arizona,Copper,0.06165030515456278,42295,1310,169094.746282076,2527,0.00916030534351145,0.010684606252473288,0.010006224540988897,0.12366412213740458,0.11278195488721804,0.05000746732777903,4836.0,0.22748091603053436,0.21250494657696875,0.10001493465555807
rf_frozen,17,10,merged,inherited,colorado,Gold,0.05110605762544959,42500,1375,170000.0,5258,0.0036363636363636364,0.001711677443895017,0.01,0.04872727272727273,0.026245720806390264,0.05,6468.0,0.17454545454545456,0.23678204640547737,0.1
rf_frozen,17,10,merged,inherited,colorado,Copper,0.04566496583181845,42500,839,170000.0,2064,0.026221692491060787,0.020833333333333332,0.01,0.10727056019070322,0.08430232558139535,0.05,5160.0,0.21454112038140644,0.20736434108527133,0.1
rf_frozen,17,20,merged,inherited,nevada,Gold,0.07494986693774053,40000,2348,160000.0,4804,0.011073253833049404,0.00832639467110741,0.01,0.07538330494037479,0.0791007493755204,0.05,1056.0,0.1737649063032368,0.17027477102414654,0.1
rf_frozen,17,20,merged,inherited,nevada,Copper,0.04889971699621314,40000,1212,160000.0,2147,0.015676567656765675,0.012109920819748486,0.01,0.06683168316831684,0.0680018630647415,0.05,2120.0,0.18811881188118812,0.18258034466697717,0.1
rf_frozen,17,20,merged,inherited,arizona,Gold,0.04129685018793452,42295,1172,169094.746282076,2217,0.0,0.0,0.010006224540988897,0.006825938566552901,0.0045105999097880016,0.05000746732777903,7724.0,0.05631399317406143,0.05232295895354082,0.10001493465555807
rf_frozen,17,20,merged,inherited,arizona,Copper,0.06165030515456278,42295,1310,169094.746282076,2527,0.00916030534351145,0.010684606252473288,0.010006224540988897,0.12366412213740458,0.11278195488721804,0.05000746732777903,2724.0,0.22748091603053436,0.21250494657696875,0.10001493465555807
rf_frozen,17,20,merged,inherited,colorado,Gold,0.05110605762544959,42500,1375,170000.0,5258,0.0036363636363636364,0.001711677443895017,0.01,0.04872727272727273,0.026245720806390264,0.05,4476.0,0.17454545454545456,0.23678204640547737,0.1
rf_frozen,17,20,merged,inherited,colorado,Copper,0.04566496583181845,42500,839,170000.0,2064,0.026221692491060787,0.020833333333333332,0.01,0.10727056019070322,0.08430232558139535,0.05,3076.0,0.21454112038140644,0.20736434108527133,0.1
rf_frozen,29,10,merged,inherited,nevada,Gold,0.077344949949275,40000,2348,160000.0,4804,0.014054514480408859,0.011032472939217318,0.01,0.07793867120954004,0.08451290591174021,0.05,3352.0,0.174190800681431,0.17422980849292258,0.1
rf_frozen,29,10,merged,inherited,nevada,Copper,0.04827287494756,40000,1212,160000.0,2147,0.015676567656765675,0.011644154634373545,0.01,0.06353135313531354,0.06427573358174196,0.05,5180.0,0.18316831683168316,0.18816953889147647,0.1
rf_frozen,29,10,merged,inherited,arizona,Gold,0.04213297736019875,42295,1172,169094.746282076,2217,0.0008532423208191126,0.0004510599909788002,0.010006224540988897,0.006825938566552901,0.0045105999097880016,0.05000746732777903,8192.0,0.051194539249146756,0.04510599909788002,0.10001493465555807
rf_frozen,29,10,merged,inherited,arizona,Copper,0.06241317698996438,42295,1310,169094.746282076,2527,0.00916030534351145,0.010684606252473288,0.010006224540988897,0.1183206106870229,0.10684606252473289,0.05000746732777903,4948.0,0.21145038167938932,0.1927186387020182,0.10001493465555807
rf_frozen,29,10,merged,inherited,colorado,Gold,0.05159698473670625,42500,1375,170000.0,5258,0.002909090909090909,0.0015214910612400153,0.01,0.048,0.02605553442373526,0.05,6504.0,0.16363636363636364,0.23297831875237732,0.1
rf_frozen,29,10,merged,inherited,colorado,Copper,0.04665612190490151,42500,839,170000.0,2064,0.023837902264600714,0.01986434108527132,0.01,0.11442193087008343,0.09108527131782945,0.05,5080.0,0.20858164481525626,0.20300387596899225,0.1
rf_frozen,29,20,merged,inherited,nevada,Gold,0.077344949949275,40000,2348,160000.0,4804,0.014054514480408859,0.011032472939217318,0.01,0.07793867120954004,0.08451290591174021,0.05,1100.0,0.174190800681431,0.17422980849292258,0.1
rf_frozen,29,20,merged,inherited,nevada,Copper,0.04827287494756,40000,1212,160000.0,2147,0.015676567656765675,0.011644154634373545,0.01,0.06353135313531354,0.06427573358174196,0.05,2276.0,0.18316831683168316,0.18816953889147647,0.1
rf_frozen,29,20,merged,inherited,arizona,Gold,0.04213297736019875,42295,1172,169094.746282076,2217,0.0008532423208191126,0.0004510599909788002,0.010006224540988897,0.006825938566552901,0.0045105999097880016,0.05000746732777903,7736.0,0.051194539249146756,0.04510599909788002,0.10001493465555807
rf_frozen,29,20,merged,inherited,arizona,Copper,0.06241317698996438,42295,1310,169094.746282076,2527,0.00916030534351145,0.010684606252473288,0.010006224540988897,0.1183206106870229,0.10684606252473289,0.05000746732777903,2792.0,0.21145038167938932,0.1927186387020182,0.10001493465555807
rf_frozen,29,20,merged,inherited,colorado,Gold,0.05159698473670625,42500,1375,170000.0,5258,0.002909090909090909,0.0015214910612400153,0.01,0.048,0.02605553442373526,0.05,4520.0,0.16363636363636364,0.23297831875237732,0.1
rf_frozen,29,20,merged,inherited,colorado,Copper,0.04665612190490151,42500,839,170000.0,2064,0.023837902264600714,0.01986434108527132,0.01,0.11442193087008343,0.09108527131782945,0.05,3072.0,0.20858164481525626,0.20300387596899225,0.1
rf_frozen,43,10,merged,inherited,nevada,Gold,0.07244917443279708,40000,2348,160000.0,4804,0.012776831345826235,0.010407993338884263,0.01,0.07666098807495741,0.07972522897585345,0.05,3444.0,0.17546848381601363,0.17194004995836804,0.1
rf_frozen,43,10,merged,inherited,nevada,Copper,0.048827363228697886,40000,1212,160000.0,2147,0.015676567656765675,0.011644154634373545,0.01,0.06023102310231023,0.061015370284117375,0.05,5224.0,0.18976897689768976,0.19469026548672566,0.1
rf_frozen,43,10,merged,inherited,arizona,Gold,0.04107324310978844,42295,1172,169094.746282076,2217,0.0008532423208191126,0.0004510599909788002,0.010006224540988897,0.006825938566552901,0.0045105999097880016,0.05000746732777903,8176.0,0.05716723549488054,0.05096977898060442,0.10001493465555807
rf_frozen,43,10,merged,inherited,arizona,Copper,0.0646770934182927,42295,1310,169094.746282076,2527,0.015267175572519083,0.014246141669964385,0.010006224540988897,0.1282442748091603,0.11832212109220419,0.05000746732777903,4724.0,0.21908396946564884,0.20102888800949742,0.10001493465555807
rf_frozen,43,10,merged,inherited,colorado,Gold,0.052236578948217954,42500,1375,170000.0,5258,0.0036363636363636364,0.001711677443895017,0.01,0.04872727272727273,0.026435907189045264,0.05,6572.0,0.17454545454545456,0.2390642829973374,0.1
rf_frozen,43,10,merged,inherited,colorado,Copper,0.04801598715008264,42500,839,170000.0,2064,0.029797377830750895,0.029554263565891473,0.01,0.10369487485101311,0.08284883720930232,0.05,5244.0,0.20023837902264602,0.19912790697674418,0.1
rf_frozen,43,20,merged,inherited,nevada,Gold,0.07244917443279708,40000,2348,160000.0,4804,0.012776831345826235,0.010407993338884263,0.01,0.07666098807495741,0.07972522897585345,0.05,1028.0,0.17546848381601363,0.17194004995836804,0.1
rf_frozen,43,20,merged,inherited,nevada,Copper,0.048827363228697886,40000,1212,160000.0,2147,0.015676567656765675,0.011644154634373545,0.01,0.06023102310231023,0.061015370284117375,0.05,2312.0,0.18976897689768976,0.19469026548672566,0.1
rf_frozen,43,20,merged,inherited,arizona,Gold,0.04107324310978844,42295,1172,169094.746282076,2217,0.0008532423208191126,0.0004510599909788002,0.010006224540988897,0.006825938566552901,0.0045105999097880016,0.05000746732777903,7720.0,0.05716723549488054,0.05096977898060442,0.10001493465555807
rf_frozen,43,20,merged,inherited,arizona,Copper,0.0646770934182927,42295,1310,169094.746282076,2527,0.015267175572519083,0.014246141669964385,0.010006224540988897,0.1282442748091603,0.11832212109220419,0.05000746732777903,2624.0,0.21908396946564884,0.20102888800949742,0.10001493465555807
rf_frozen,43,20,merged,inherited,colorado,Gold,0.052236578948217954,42500,1375,170000.0,5258,0.0036363636363636364,0.001711677443895017,0.01,0.04872727272727273,0.026435907189045264,0.05,4620.0,0.17454545454545456,0.2390642829973374,0.1
rf_frozen,43,20,merged,inherited,colorado,Copper,0.04801598715008264,42500,839,170000.0,2064,0.029797377830750895,0.029554263565891473,0.01,0.10369487485101311,0.08284883720930232,0.05,3248.0,0.20023837902264602,0.19912790697674418,0.1
geo_new,17,10,merged,inherited,nevada,Gold,0.07797632609821438,40000,2348,160000.0,4804,0.013628620102214651,0.010407993338884263,0.01,0.08645655877342419,0.07889258950874271,0.05,3252.0,0.14522998296422487,0.12510407993338885,0.1
geo_new,17,10,merged,inherited,nevada,Copper,0.04917229548758313,40000,1212,160000.0,2147,0.009075907590759076,0.008849557522123894,0.01,0.0924092409240924,0.08104331625523988,0.05,4312.0,0.20132013201320131,0.18164881229622729,0.1
geo_new,17,10,merged,inherited,arizona,Gold,0.03849088136593437,42295,1172,169094.746282076,2217,0.013651877133105802,0.014884979702300407,0.010006224540988897,0.08276450511945392,0.12268831754623365,0.05000746732777903,6988.0,0.16382252559726962,0.21515561569688768,0.10001493465555807
geo_new,17,10,merged,inherited,arizona,Copper,0.04331040095572278,42295,1310,169094.746282076,2527,0.021374045801526718,0.020182034032449545,0.010006224540988897,0.0916030534351145,0.09418282548476455,0.05000746732777903,5432.0,0.15801526717557252,0.16937079540957659,0.10001493465555807
geo_new,17,10,merged,inherited,colorado,Gold,0.06585484742926392,42500,1375,170000.0,5258,0.019636363636363636,0.01103081019399011,0.01,0.11127272727272727,0.10783567896538608,0.05,4088.0,0.2370909090909091,0.23259794598706732,0.1
geo_new,17,10,merged,inherited,colorado,Copper,0.03757236073047955,42500,839,170000.0,2064,0.02026221692491061,0.01937984496124031,0.01,0.09535160905840286,0.09593023255813954,0.05,5576.0,0.20381406436233612,0.20348837209302326,0.1
geo_new,17,20,merged,inherited,nevada,Gold,0.07797632609821438,40000,2348,160000.0,4804,0.013628620102214651,0.010407993338884263,0.01,0.08645655877342419,0.07889258950874271,0.05,920.0,0.14522998296422487,0.12510407993338885,0.1
geo_new,17,20,merged,inherited,nevada,Copper,0.04917229548758313,40000,1212,160000.0,2147,0.009075907590759076,0.008849557522123894,0.01,0.0924092409240924,0.08104331625523988,0.05,2048.0,0.20132013201320131,0.18164881229622729,0.1
geo_new,17,20,merged,inherited,arizona,Gold,0.03849088136593437,42295,1172,169094.746282076,2217,0.013651877133105802,0.014884979702300407,0.010006224540988897,0.08276450511945392,0.12268831754623365,0.05000746732777903,5828.0,0.16382252559726962,0.21515561569688768,0.10001493465555807
geo_new,17,20,merged,inherited,arizona,Copper,0.04331040095572278,42295,1310,169094.746282076,2527,0.021374045801526718,0.020182034032449545,0.010006224540988897,0.0916030534351145,0.09418282548476455,0.05000746732777903,3360.0,0.15801526717557252,0.16937079540957659,0.10001493465555807
geo_new,17,20,merged,inherited,colorado,Gold,0.06585484742926392,42500,1375,170000.0,5258,0.019636363636363636,0.01103081019399011,0.01,0.11127272727272727,0.10783567896538608,0.05,1720.0,0.2370909090909091,0.23259794598706732,0.1
geo_new,17,20,merged,inherited,colorado,Copper,0.03757236073047955,42500,839,170000.0,2064,0.02026221692491061,0.01937984496124031,0.01,0.09535160905840286,0.09593023255813954,0.05,2852.0,0.20381406436233612,0.20348837209302326,0.1
geo_new,29,10,merged,inherited,nevada,Gold,0.06677860377201829,40000,2348,160000.0,4804,0.005536626916524702,0.005828476269775187,0.01,0.05323679727427598,0.047668609492089925,0.05,3968.0,0.11712095400340715,0.11136552872606162,0.1
geo_new,29,10,merged,inherited,nevada,Copper,0.037031702625566584,40000,1212,160000.0,2147,0.00825082508250825,0.007452258965999069,0.01,0.06683168316831684,0.07219375873311598,0.05,4592.0,0.13036303630363036,0.13088029809035864,0.1
geo_new,29,10,merged,inherited,arizona,Gold,0.053426344794421064,42295,1172,169094.746282076,2217,0.028156996587030716,0.02525935949481281,0.010006224540988897,0.11518771331058021,0.13531799729364005,0.05000746732777903,5816.0,0.2431740614334471,0.2719891745602165,0.10001493465555807
geo_new,29,10,merged,inherited,arizona,Copper,0.059315780313932434,42295,1310,169094.746282076,2527,0.02748091603053435,0.03640680648990898,0.010006224540988897,0.12748091603053435,0.1297981796596755,0.05000746732777903,4568.0,0.22748091603053436,0.2259596359319351,0.10001493465555807
geo_new,29,10,merged,inherited,colorado,Gold,0.07857539620257585,42500,1375,170000.0,5258,0.04436363636363636,0.018257892734880182,0.01,0.15054545454545454,0.15633320654241156,0.05,3372.0,0.26327272727272727,0.3198934956257132,0.1
geo_new,29,10,merged,inherited,colorado,Copper,0.04229013633581279,42500,839,170000.0,2064,0.025029797377830752,0.03391472868217054,0.01,0.1299165673420739,0.11482558139534883,0.05,4800.0,0.21096543504171633,0.1695736434108527,0.1
geo_new,29,20,merged,inherited,nevada,Gold,0.06677860377201829,40000,2348,160000.0,4804,0.005536626916524702,0.005828476269775187,0.01,0.05323679727427598,0.047668609492089925,0.05,1328.0,0.11712095400340715,0.11136552872606162,0.1
geo_new,29,20,merged,inherited,nevada,Copper,0.037031702625566584,40000,1212,160000.0,2147,0.00825082508250825,0.007452258965999069,0.01,0.06683168316831684,0.07219375873311598,0.05,1396.0,0.13036303630363036,0.13088029809035864,0.1
geo_new,29,20,merged,inherited,arizona,Gold,0.053426344794421064,42295,1172,169094.746282076,2217,0.028156996587030716,0.02525935949481281,0.010006224540988897,0.11518771331058021,0.13531799729364005,0.05000746732777903,4176.0,0.2431740614334471,0.2719891745602165,0.10001493465555807
geo_new,29,20,merged,inherited,arizona,Copper,0.059315780313932434,42295,1310,169094.746282076,2527,0.02748091603053435,0.03640680648990898,0.010006224540988897,0.12748091603053435,0.1297981796596755,0.05000746732777903,2768.0,0.22748091603053436,0.2259596359319351,0.10001493465555807
geo_new,29,20,merged,inherited,colorado,Gold,0.07857539620257585,42500,1375,170000.0,5258,0.04436363636363636,0.018257892734880182,0.01,0.15054545454545454,0.15633320654241156,0.05,1156.0,0.26327272727272727,0.3198934956257132,0.1
geo_new,29,20,merged,inherited,colorado,Copper,0.04229013633581279,42500,839,170000.0,2064,0.025029797377830752,0.03391472868217054,0.01,0.1299165673420739,0.11482558139534883,0.05,2276.0,0.21096543504171633,0.1695736434108527,0.1
geo_new,43,10,merged,inherited,nevada,Gold,0.07310451150279197,40000,2348,160000.0,4804,0.015332197614991482,0.015403830141548709,0.01,0.062180579216354344,0.056827643630308074,0.05,3892.0,0.1247870528109029,0.11094920899250625,0.1
geo_new,43,10,merged,inherited,nevada,Copper,0.03773532521580795,40000,1212,160000.0,2147,0.0165016501650165,0.011644154634373545,0.01,0.041254125412541254,0.02934326967862133,0.05,5420.0,0.09818481848184818,0.07871448532836516,0.1
geo_new,43,10,merged,inherited,arizona,Gold,0.06554116227114976,42295,1172,169094.746282076,2217,0.015358361774744027,0.015787099684258007,0.010006224540988897,0.17918088737201365,0.2458276950834461,0.05000746732777903,5196.0,0.3250853242320819,0.41226883175462337,0.10002276101571303
geo_new,43,10,merged,inherited,arizona,Copper,0.06302301783887419,42295,1310,169094.746282076,2527,0.020610687022900764,0.032449544914918874,0.010021516534836216,0.11145038167938931,0.13969133359715077,0.05001275465346245,4364.894058994949,0.2778625954198473,0.333201424614167,0.10000247977369657
geo_new,43,10,merged,inherited,colorado,Gold,0.06423133802773297,42500,1375,170000.0,5258,0.03490909090909091,0.027196652719665274,0.01,0.14181818181818182,0.1297071129707113,0.05,3484.0,0.22545454545454546,0.24248763788512742,0.1
geo_new,43,10,merged,inherited,colorado,Copper,0.051525033768684204,42500,839,170000.0,2064,0.058402860548271755,0.03488372093023256,0.01,0.14779499404052443,0.13226744186046513,0.05,4480.0,0.27532777115613827,0.24854651162790697,0.1
geo_new,43,20,merged,inherited,nevada,Gold,0.07310451150279197,40000,2348,160000.0,4804,0.015332197614991482,0.015403830141548709,0.01,0.062180579216354344,0.056827643630308074,0.05,960.0,0.1247870528109029,0.11094920899250625,0.1
geo_new,43,20,merged,inherited,nevada,Copper,0.03773532521580795,40000,1212,160000.0,2147,0.0165016501650165,0.011644154634373545,0.01,0.041254125412541254,0.02934326967862133,0.05,2412.0,0.09818481848184818,0.07871448532836516,0.1
geo_new,43,20,merged,inherited,arizona,Gold,0.06554116227114976,42295,1172,169094.746282076,2217,0.015358361774744027,0.015787099684258007,0.010006224540988897,0.17918088737201365,0.2458276950834461,0.05000746732777903,3796.0,0.3250853242320819,0.41226883175462337,0.10002276101571303
geo_new,43,20,merged,inherited,arizona,Copper,0.06302301783887419,42295,1310,169094.746282076,2527,0.020610687022900764,0.032449544914918874,0.010021516534836216,0.11145038167938931,0.13969133359715077,0.05001275465346245,1848.8940589949489,0.2778625954198473,0.333201424614167,0.10000247977369657
geo_new,43,20,merged,inherited,colorado,Gold,0.06423133802773297,42500,1375,170000.0,5258,0.03490909090909091,0.027196652719665274,0.01,0.14181818181818182,0.1297071129707113,0.05,1108.0,0.22545454545454546,0.24248763788512742,0.1
geo_new,43,20,merged,inherited,colorado,Copper,0.051525033768684204,42500,839,170000.0,2064,0.058402860548271755,0.03488372093023256,0.01,0.14779499404052443,0.13226744186046513,0.05,2724.0,0.27532777115613827,0.24854651162790697,0.1
concat10,17,10,merged,inherited,nevada,Gold,0.18996666564974712,40000,2348,160000.0,4804,0.05025553662691652,0.059533721898417984,0.01,0.22018739352640546,0.2785179017485429,0.05,756.0,0.37862010221465076,0.44421315570358033,0.1
concat10,17,10,merged,inherited,nevada,Copper,0.11457626227970283,40000,1212,160000.0,2147,0.06353135313531354,0.0903586399627387,0.01,0.24504950495049505,0.29017233348858873,0.05,1968.0,0.41914191419141916,0.47368421052631576,0.1
concat10,17,10,merged,inherited,arizona,Gold,0.23428557736136602,42295,1172,169094.746282076,2217,0.1493174061433447,0.22507893549842128,0.010006224540988897,0.4283276450511945,0.5277401894451962,0.050019574341005985,1710.0472323298454,0.5989761092150171,0.6788452864230943,0.10000377980853721
concat10,17,10,merged,inherited,arizona,Copper,0.2117066323462442,42295,1310,169094.746282076,2527,0.12366412213740458,0.17649386624455876,0.010006224540988897,0.3748091603053435,0.4404432132963989,0.050019574341005985,1534.0472323298454,0.5412213740458015,0.5971507716660072,0.10001993602202582
concat10,17,10,merged,inherited,colorado,Gold,0.35043741909687537,42500,1375,170000.0,5258,0.1730909090909091,0.24305819703309242,0.01,0.5229090909090909,0.698934956257132,0.05,1084.0,0.6821818181818182,0.7915557246101179,0.1
concat10,17,10,merged,inherited,colorado,Copper,0.20804129023981813,42500,839,170000.0,2064,0.1573301549463647,0.19864341085271317,0.01,0.4827175208581645,0.5872093023255814,0.05,2328.0,0.6579261025029798,0.7994186046511628,0.1
concat10,17,20,merged,inherited,nevada,Gold,0.14431683168040157,40000,2348,160000.0,4804,0.04301533219761499,0.05349708576186511,0.01,0.17120954003407154,0.22231473771856786,0.05,108.0,0.29471890971039183,0.37635303913405493,0.1
concat10,17,20,merged,inherited,nevada,Copper,0.08447883356527573,40000,1212,160000.0,2147,0.05198019801980198,0.05728924080111784,0.01,0.1905940594059406,0.2128551467163484,0.05,408.0,0.3184818481848185,0.3493246390312063,0.1
concat10,17,20,merged,inherited,arizona,Gold,0.15223248244272458,42295,1172,169094.746282076,2217,0.09726962457337884,0.11547135769057285,0.010006224540988897,0.3310580204778157,0.37077131258457374,0.050020889194406455,978.2695671319962,0.49829351535836175,0.5543527289129454,0.10000377980853721
concat10,17,20,merged,inherited,arizona,Copper,0.14518897236442568,42295,1310,169094.746282076,2527,0.0900763358778626,0.13098535813217255,0.010006224540988897,0.2969465648854962,0.34784329244163037,0.05001846580398486,1005.8597845435143,0.42824427480916033,0.4705184012663237,0.10001993602202582
concat10,17,20,merged,inherited,colorado,Gold,0.20880645573530235,42500,1375,170000.0,5258,0.1149090909090909,0.12209965766451122,0.01,0.3447272727272727,0.3372004564473184,0.05,444.0,0.5229090909090909,0.5888170406998859,0.1
concat10,17,20,merged,inherited,colorado,Copper,0.11477740987218782,42500,839,170000.0,2064,0.10011918951132301,0.09593023255813954,0.01,0.2932061978545888,0.2926356589147287,0.05,1344.0,0.433849821215733,0.43556201550387597,0.1
concat10,29,10,merged,inherited,nevada,Gold,0.22220119803760335,40000,2348,160000.0,4804,0.06856899488926746,0.1273938384679434,0.01,0.25383304940374785,0.3388842631140716,0.05,700.0,0.3956558773424191,0.4731473771856786,0.1
concat10,29,10,merged,inherited,nevada,Copper,0.1233705715284016,40000,1212,160000.0,2147,0.06930693069306931,0.10992081974848626,0.01,0.2698019801980198,0.33302282254308335,0.05,2288.0,0.4067656765676568,0.4578481602235678,0.1
concat10,29,10,merged,inherited,arizona,Gold,0.20080007783832055,42295,1172,169094.746282076,2217,0.1348122866894198,0.20658547586829049,0.010006224540988897,0.37372013651877134,0.4704555705908886,0.05000746732777903,2636.0,0.5435153583617748,0.6350924672981506,0.10001115197475786
concat10,29,10,merged,inherited,arizona,Copper,0.1917433358271599,42295,1310,169094.746282076,2527,0.1183206106870229,0.16857934309457856,0.010006224540988897,0.3450381679389313,0.4147210130589632,0.05000746732777903,1836.0,0.5068702290076336,0.5821131776810448,0.10001004343773673
concat10,29,10,merged,inherited,colorado,Gold,0.3468840735502599,42500,1375,170000.0,5258,0.17745454545454545,0.2582731076454926,0.01,0.5061818181818182,0.6612780524914416,0.05,1336.0,0.6552727272727272,0.7647394446557626,0.1
concat10,29,10,merged,inherited,colorado,Copper,0.19008179653328516,42500,839,170000.0,2064,0.15256257449344457,0.187015503875969,0.01,0.45172824791418353,0.6027131782945736,0.05,2964.0,0.5947556615017878,0.7228682170542635,0.1
concat10,29,20,merged,inherited,nevada,Gold,0.16551275544117225,40000,2348,160000.0,4804,0.05919931856899489,0.11552872606161532,0.01,0.1797274275979557,0.23688592839300582,0.05,240.0,0.28577512776831343,0.36761032472939215,0.1
concat10,29,20,merged,inherited,nevada,Copper,0.09159743805363801,40000,1212,160000.0,2147,0.06765676567656766,0.08942710759198882,0.01,0.18811881188118812,0.19422449930135072,0.05,596.0,0.3259075907590759,0.3446669771774569,0.1
concat10,29,20,merged,inherited,arizona,Gold,0.11554908489464134,42295,1172,169094.746282076,2217,0.09300341296928327,0.11592241768155165,0.010006224540988897,0.22440273037542663,0.2426702751465945,0.05000746732777903,2088.0,0.3361774744027304,0.35092467298150654,0.10001004343773673
concat10,29,20,merged,inherited,arizona,Copper,0.12487727383371104,42295,1310,169094.746282076,2527,0.0900763358778626,0.13612979817965967,0.010006224540988897,0.233587786259542,0.27977839335180055,0.0500188175834806,725.9192686080933,0.3374045801526718,0.38583300356153544,0.10001004343773673
concat10,29,20,merged,inherited,colorado,Gold,0.19913421388945418,42500,1375,170000.0,5258,0.12,0.13465195891974135,0.01,0.312,0.27443895017116776,0.05,608.0,0.47854545454545455,0.5218714340053252,0.1
concat10,29,20,merged,inherited,colorado,Copper,0.10030276801181166,42500,839,170000.0,2064,0.09296781883194279,0.10804263565891473,0.01,0.2634088200238379,0.27228682170542634,0.05,1988.0,0.3814064362336114,0.3803294573643411,0.1
concat10,43,10,merged,inherited,nevada,Gold,0.21125962291500297,40000,2348,160000.0,4804,0.06729131175468483,0.11844296419650291,0.01,0.2393526405451448,0.32098251457119065,0.05,656.0,0.37862010221465076,0.4825145711906744,0.1
concat10,43,10,merged,inherited,nevada,Copper,0.13249737241100257,40000,1212,160000.0,2147,0.08415841584158416,0.13088029809035864,0.01,0.2871287128712871,0.36283185840707965,0.05,2192.0,0.42326732673267325,0.5067536096879367,0.1
concat10,43,10,merged,inherited,arizona,Gold,0.21991164358434998,42295,1172,169094.746282076,2217,0.13054607508532423,0.20162381596752368,0.010006224540988897,0.44112627986348124,0.5457825890843482,0.05000746732777903,1756.0,0.5964163822525598,0.6901217861975643,0.10001039521723247
concat10,43,10,merged,inherited,arizona,Copper,0.1910719795900089,42295,1310,169094.746282076,2527,0.11908396946564885,0.18361693707954096,0.010006224540988897,0.36259541984732824,0.43529877324891175,0.050002927889453444,1697.9192686080933,0.5022900763358779,0.5702413929560743,0.10001004343773673
concat10,43,10,merged,inherited,colorado,Gold,0.4018916578602167,42500,1375,170000.0,5258,0.19272727272727272,0.34290604792696844,0.01,0.544,0.7164321034613922,0.05,864.0,0.6872727272727273,0.8109547356409281,0.1
concat10,43,10,merged,inherited,colorado,Copper,0.23243543784366405,42500,839,170000.0,2064,0.19904648390941598,0.26647286821705424,0.01,0.4731823599523242,0.6497093023255814,0.05,2968.0,0.6328963051251489,0.7858527131782945,0.1
concat10,43,20,merged,inherited,nevada,Gold,0.15003793732862392,40000,2348,160000.0,4804,0.05281090289608177,0.10761865112406328,0.01,0.17589437819420783,0.2722731057452123,0.05,212.0,0.2772572402044293,0.3688592839300583,0.1
concat10,43,20,merged,inherited,nevada,Copper,0.09739800974436665,40000,1212,160000.0,2147,0.07013201320132013,0.08756404285048905,0.01,0.20132013201320131,0.2394038192827201,0.05,852.0,0.320957095709571,0.35305076851420586,0.1
concat10,43,20,merged,inherited,arizona,Gold,0.15301210091811773,42295,1172,169094.746282076,2217,0.09982935153583618,0.11366711772665765,0.010006224540988897,0.3302047781569966,0.3761840324763194,0.050002927889453444,1281.9192686080933,0.49829351535836175,0.5741993685160126,0.10001246682815833
concat10,43,20,merged,inherited,arizona,Copper,0.12991675355946442,42295,1310,169094.746282076,2527,0.09389312977099237,0.14285714285714285,0.010006224540988897,0.2366412213740458,0.2845271072417887,0.050002927889453444,1137.9192686080933,0.3450381679389313,0.37989711119905023,0.10001840143355815
concat10,43,20,merged,inherited,colorado,Gold,0.23823961543784386,42500,1375,170000.0,5258,0.13018181818181818,0.14302015975656143,0.01,0.38327272727272726,0.38303537466717386,0.05,412.0,0.5381818181818182,0.5747432483834157,0.1
concat10,43,20,merged,inherited,colorado,Copper,0.11553901564280554,42500,839,170000.0,2064,0.11680572109654351,0.12693798449612403,0.01,0.26102502979737785,0.2853682170542636,0.05,2804.0,0.4088200238379023,0.4312015503875969,0.1
concat20,17,10,merged,inherited,nevada,Gold,0.17285721752977137,40000,2348,160000.0,4804,0.05068143100511073,0.0734804329725229,0.01,0.2010221465076661,0.25249791840133223,0.05,1064.0,0.3411413969335605,0.3902997502081599,0.1
concat20,17,10,merged,inherited,nevada,Copper,0.10976730333295334,40000,1212,160000.0,2147,0.06023102310231023,0.08849557522123894,0.01,0.2334983498349835,0.3022822543083372,0.05,2284.0,0.3935643564356436,0.4704238472286912,0.1
concat20,17,10,merged,inherited,arizona,Gold,0.1829738117387106,42295,1172,169094.746282076,2217,0.1407849829351536,0.20117275597654488,0.010006224540988897,0.3651877133105802,0.462787550744249,0.05000746732777903,2948.0,0.515358361774744,0.6044203879115922,0.10001493465555807
concat20,17,10,merged,inherited,arizona,Copper,0.18056640582193872,42295,1310,169094.746282076,2527,0.10916030534351145,0.1254451919271864,0.010006224540988897,0.34961832061068704,0.44202611792639496,0.05000746732777903,1664.0,0.48778625954198473,0.5662841313810842,0.10000394438749464
concat20,17,10,merged,inherited,colorado,Gold,0.3440045771462557,42500,1375,170000.0,5258,0.16218181818181818,0.24534043362495245,0.01,0.5301818181818182,0.6513883605933816,0.05,1116.0,0.6887272727272727,0.7848992012171928,0.1
concat20,17,10,merged,inherited,colorado,Copper,0.20333318730762454,42500,839,170000.0,2064,0.16567342073897498,0.20300387596899225,0.01,0.4958283671036949,0.5915697674418605,0.05,2176.0,0.6626936829558999,0.7945736434108527,0.1
concat20,17,20,merged,inherited,nevada,Gold,0.12659271873735303,40000,2348,160000.0,4804,0.031942078364565585,0.0339300582847627,0.01,0.14821124361158433,0.17173189009159034,0.05,184.0,0.2653321976149915,0.30016652789342213,0.1
concat20,17,20,merged,inherited,nevada,Copper,0.07640808596464252,40000,1212,160000.0,2147,0.04372937293729373,0.05402887750349324,0.01,0.16336633663366337,0.19655333022822544,0.05,720.0,0.3094059405940594,0.3609687936655799,0.1
concat20,17,20,merged,inherited,arizona,Gold,0.1197924005022207,42295,1172,169094.746282076,2217,0.08361774744027303,0.11456923770861524,0.010006224540988897,0.2781569965870307,0.33694181326116374,0.05000746732777903,2712.0,0.4334470989761092,0.5092467298150654,0.10001493465555807
concat20,17,20,merged,inherited,arizona,Copper,0.13228677565087876,42295,1310,169094.746282076,2527,0.08625954198473282,0.11278195488721804,0.010006224540988897,0.28015267175572517,0.3502176493866245,0.05000746732777903,1064.0,0.40916030534351144,0.4776414721013059,0.10000262953409417
concat20,17,20,merged,inherited,colorado,Gold,0.22555777409486827,42500,1375,170000.0,5258,0.11563636363636363,0.11220996576645112,0.01,0.39127272727272727,0.3813236972232788,0.05,384.0,0.5985454545454545,0.5878661087866108,0.1
concat20,17,20,merged,inherited,colorado,Copper,0.13068830945858523,42500,839,170000.0,2064,0.10607866507747318,0.10852713178294573,0.01,0.3802145411203814,0.4064922480620155,0.05,1048.0,0.5637663885578069,0.6080426356589147,0.1
concat20,29,10,merged,inherited,nevada,Gold,0.1821110876520717,40000,2348,160000.0,4804,0.056218057921635436,0.10616153205661949,0.01,0.2065587734241908,0.2935054121565362,0.05,1052.0,0.3471039182282794,0.4377601998334721,0.1
concat20,29,10,merged,inherited,nevada,Copper,0.1226410412286669,40000,1212,160000.0,2147,0.07095709570957096,0.11504424778761062,0.01,0.2615511551155115,0.3344201210992082,0.05,2200.0,0.4067656765676568,0.4816022356776898,0.1
concat20,29,10,merged,inherited,arizona,Gold,0.20175929672417073,42295,1172,169094.746282076,2217,0.11433447098976109,0.15741993685160127,0.010006224540988897,0.40187713310580203,0.5002255299954894,0.05000746732777903,1976.0,0.5793515358361775,0.6648624267027514,0.10000227775459843
concat20,29,10,merged,inherited,arizona,Copper,0.1898963470660885,42295,1310,169094.746282076,2527,0.10916030534351145,0.14760585674713098,0.010006224540988897,0.34580152671755726,0.39810051444400474,0.05000746732777903,1672.0,0.5190839694656488,0.5805302730510487,0.10000227775459843
concat20,29,10,merged,inherited,colorado,Gold,0.27338867398889577,42500,1375,170000.0,5258,0.12436363636363636,0.16108786610878661,0.01,0.464,0.5593381513883606,0.05,1380.0,0.6654545454545454,0.8259794598706732,0.1
concat20,29,10,merged,inherited,colorado,Copper,0.1944079862252852,42500,839,170000.0,2064,0.14779499404052443,0.15213178294573643,0.01,0.4803337306317044,0.562984496124031,0.05,2312.0,0.6555423122765197,0.7645348837209303,0.1
concat20,29,20,merged,inherited,nevada,Gold,0.13257901034462832,40000,2348,160000.0,4804,0.04045996592844974,0.05974188176519567,0.01,0.15587734241908008,0.23064113238967526,0.05,240.0,0.2734241908006814,0.35387177352206495,0.1
concat20,29,20,merged,inherited,nevada,Copper,0.08294023878405407,40000,1212,160000.0,2147,0.06023102310231023,0.0815090824406148,0.01,0.17491749174917492,0.2119236143455985,0.05,416.0,0.3061056105610561,0.3390777829529576,0.1
concat20,29,20,merged,inherited,arizona,Gold,0.16667112016184568,42295,1172,169094.746282076,2217,0.09897610921501707,0.12268831754623365,0.010006224540988897,0.3660409556313993,0.4280559314388814,0.05000746732777903,976.0,0.5315699658703071,0.6179521876409563,0.10000227775459843
concat20,29,20,merged,inherited,arizona,Copper,0.1427414072605587,42295,1310,169094.746282076,2527,0.0816793893129771,0.10842896715472893,0.010006224540988897,0.2916030534351145,0.33201424614166997,0.05000746732777903,1112.0,0.43740458015267175,0.4784329244163039,0.10000227775459843
concat20,29,20,merged,inherited,colorado,Gold,0.170870408610496,42500,1375,170000.0,5258,0.06545454545454546,0.07246101179155573,0.01,0.33454545454545453,0.3600228223659186,0.05,668.0,0.5490909090909091,0.5869151768733358,0.1
concat20,29,20,merged,inherited,colorado,Copper,0.11120528416685557,42500,839,170000.0,2064,0.07389749702026222,0.05426356589147287,0.01,0.33134684147794996,0.3594961240310077,0.05,1216.0,0.5125148986889154,0.5465116279069767,0.1
concat20,43,10,merged,inherited,nevada,Gold,0.13786018048121568,40000,2348,160000.0,4804,0.04003407155025554,0.05016652789342215,0.01,0.16993185689948892,0.21357202331390507,0.05,1296.0,0.29131175468483816,0.34845961698584516,0.1
concat20,43,10,merged,inherited,nevada,Copper,0.08159319339840258,40000,1212,160000.0,2147,0.041254125412541254,0.05868653935724266,0.01,0.20214521452145215,0.24592454587796925,0.05,2692.0,0.3341584158415842,0.37633907778295295,0.1
concat20,43,10,merged,inherited,arizona,Gold,0.19185356169870557,42295,1172,169094.746282076,2217,0.1356655290102389,0.2259810554803789,0.010006224540988897,0.4061433447098976,0.514659449706811,0.05000740609135663,2395.989645242691,0.5298634812286689,0.631935047361299,0.10001487341913566
concat20,43,10,merged,inherited,arizona,Copper,0.14281402796550133,42295,1310,169094.746282076,2527,0.083206106870229,0.10961614562722596,0.010006224540988897,0.32290076335877865,0.40957657301147604,0.05000746732777903,2420.0,0.4679389312977099,0.5492679066086268,0.10001487341913566
concat20,43,10,merged,inherited,colorado,Gold,0.2831609442736583,42500,1375,170000.0,5258,0.15345454545454545,0.28604031951312286,0.01,0.4727272727272727,0.6432103461392165,0.05,1316.0,0.6341818181818182,0.797261316089768,0.1
concat20,43,10,merged,inherited,colorado,Copper,0.12846551804870437,42500,839,170000.0,2064,0.10250297973778308,0.14050387596899225,0.01,0.4064362336114422,0.5397286821705426,0.05,3036.0,0.5864123957091776,0.7180232558139535,0.1
concat20,43,20,merged,inherited,nevada,Gold,0.10363297081558574,40000,2348,160000.0,4804,0.029812606473594547,0.04079933388842631,0.01,0.12989778534923338,0.15799333888426312,0.05,356.0,0.22444633730834754,0.2674854288093256,0.1
concat20,43,20,merged,inherited,nevada,Copper,0.06020227469365059,40000,1212,160000.0,2147,0.033003300330033,0.036329762459245456,0.01,0.14603960396039603,0.14997671169073126,0.05,1200.0,0.24752475247524752,0.2529110386585934,0.1
concat20,43,20,merged,inherited,arizona,Gold,0.1623657073433522,42295,1172,169094.746282076,2217,0.12116040955631399,0.17230491655390168,0.010006224540988897,0.3643344709897611,0.4636896707262066,0.05000746732777903,1572.0,0.4590443686006826,0.5493910690121786,0.10001493465555807
concat20,43,20,merged,inherited,arizona,Copper,0.11887865697820664,42295,1310,169094.746282076,2527,0.08473282442748091,0.11713494261970717,0.010006224540988897,0.2648854961832061,0.3308270676691729,0.05000746732777903,1832.0,0.3885496183206107,0.45745943806885636,0.10001493465555807
concat20,43,20,merged,inherited,colorado,Gold,0.19405199746243654,42500,1375,170000.0,5258,0.11272727272727273,0.19379992392544693,0.01,0.344,0.41650817801445417,0.05,844.0,0.4938181818181818,0.5794979079497908,0.1
concat20,43,20,merged,inherited,colorado,Copper,0.08801856236759706,42500,839,170000.0,2064,0.09296781883194279,0.13468992248062014,0.01,0.30512514898688914,0.3338178294573643,0.05,1492.0,0.4195470798569726,0.43023255813953487,0.1
mineral_only_zero_geo,17,10,merged,new,nevada,Gold,0.2390149894036302,40000,2348,160000.0,4804,0.07453151618398637,0.13821815154038303,0.01,0.25894378194207834,0.3572023313905079,0.05,552.0,0.4182282793867121,0.5358034970857619,0.1
mineral_only_zero_geo,17,10,merged,new,nevada,Copper,0.13991492709183967,40000,1212,160000.0,2147,0.08168316831683169,0.13274336283185842,0.01,0.2995049504950495,0.35398230088495575,0.05,1980.0,0.4372937293729373,0.4974382859804378,0.1
mineral_only_zero_geo,17,10,merged,new,arizona,Gold,0.26195728477922,42295,1172,169094.746282076,2217,0.1612627986348123,0.2431213351375733,0.010006224540988897,0.454778156996587,0.5471357690572847,0.05000746732777903,1284.0,0.6407849829351536,0.7176364456472711,0.10001493465555807
mineral_only_zero_geo,17,10,merged,new,arizona,Copper,0.2519444054873227,42295,1310,169094.746282076,2527,0.1435114503816794,0.1994459833795014,0.010006224540988897,0.4114503816793893,0.4895132568262762,0.05000746732777903,980.0,0.6083969465648855,0.6822318955282944,0.10002345709622175
mineral_only_zero_geo,17,10,merged,new,colorado,Gold,0.4369911714664277,42500,1375,170000.0,5258,0.20436363636363636,0.3900722708254089,0.01,0.5767272727272728,0.7398250285279574,0.05,596.0,0.7272727272727273,0.8280715100798782,0.1
mineral_only_zero_geo,17,10,merged,new,colorado,Copper,0.26337639970425336,42500,839,170000.0,2064,0.2097735399284863,0.32703488372093026,0.01,0.5685339690107271,0.750968992248062,0.05,1560.0,0.7234803337306317,0.8507751937984496,0.1
mineral_only_zero_geo,17,20,merged,new,nevada,Gold,0.18281787307267075,40000,2348,160000.0,4804,0.06260647359454855,0.11781848459616986,0.01,0.20528109028960817,0.31286427976686093,0.05,188.0,0.32367972742759793,0.4321398834304746,0.1
mineral_only_zero_geo,17,20,merged,new,nevada,Copper,0.09730038825592299,40000,1212,160000.0,2147,0.06930693069306931,0.08430367955286447,0.01,0.2070957095709571,0.24266418258034467,0.05,644.0,0.33663366336633666,0.35398230088495575,0.1
mineral_only_zero_geo,17,20,merged,new,arizona,Gold,0.19360805006796195,42295,1172,169094.746282076,2217,0.11774744027303755,0.15290933694181327,0.010006224540988897,0.36689419795221845,0.4248985115020298,0.05000746732777903,196.0,0.5767918088737202,0.6346414073071719,0.10002270033869637
mineral_only_zero_geo,17,20,merged,new,arizona,Copper,0.18416580649368236,42295,1310,169094.746282076,2527,0.10076335877862595,0.1440443213296399,0.010006224540988897,0.3183206106870229,0.3644637910565888,0.050015233010917336,244.0,0.5213740458015267,0.5785516422635536,0.10001115197475786
mineral_only_zero_geo,17,20,merged,new,colorado,Gold,0.29686710517017845,42500,1375,170000.0,5258,0.144,0.16222898440471661,0.01,0.4712727272727273,0.47413465195891974,0.05,188.0,0.664,0.7651198174210726,0.1
mineral_only_zero_geo,17,20,merged,new,colorado,Copper,0.1751666902868302,42500,839,170000.0,2064,0.14779499404052443,0.15939922480620156,0.01,0.42193087008343266,0.44670542635658916,0.05,744.0,0.6400476758045291,0.6792635658914729,0.1
mineral_only_zero_geo,29,10,merged,new,nevada,Gold,0.24153001141142197,40000,2348,160000.0,4804,0.07495741056218058,0.13009991673605328,0.01,0.26405451448040884,0.3528309741881765,0.05,652.0,0.4199318568994889,0.4954204829308909,0.1
mineral_only_zero_geo,29,10,merged,new,nevada,Copper,0.1427433836757801,40000,1212,160000.0,2147,0.0891089108910891,0.15137401024685607,0.01,0.29372937293729373,0.3581741965533302,0.05,1996.0,0.44884488448844884,0.5072193758733116,0.1
mineral_only_zero_geo,29,10,merged,new,arizona,Gold,0.27381676072173056,42295,1172,169094.746282076,2217,0.16382252559726962,0.2386107352277853,0.010006224540988897,0.44795221843003413,0.5354082092918359,0.05000746732777903,1360.0,0.64419795221843,0.7194406856111862,0.10002105018412367
mineral_only_zero_geo,29,10,merged,new,arizona,Copper,0.254502071101971,42295,1310,169094.746282076,2527,0.1450381679389313,0.20815195884447962,0.010006224540988897,0.4152671755725191,0.49584487534626037,0.05000746732777903,1072.0,0.5969465648854961,0.6699643846458251,0.10000580968204115
mineral_only_zero_geo,29,10,merged,new,colorado,Gold,0.465355279179398,42500,1375,170000.0,5258,0.21236363636363637,0.3798022061620388,0.01,0.5869090909090909,0.7455306200076075,0.05,648.0,0.7287272727272728,0.8879802206162039,0.1
mineral_only_zero_geo,29,10,merged,new,colorado,Copper,0.2969804060205377,42500,839,170000.0,2064,0.2300357568533969,0.3556201550387597,0.01,0.5816448152562574,0.751937984496124,0.05,1744.0,0.7246722288438617,0.8454457364341085,0.1
mineral_only_zero_geo,29,20,merged,new,nevada,Gold,0.1842293669446498,40000,2348,160000.0,4804,0.062180579216354344,0.12177352206494588,0.01,0.2061328790459966,0.2926727726894255,0.05,220.0,0.3270868824531516,0.4098667776852623,0.1
mineral_only_zero_geo,29,20,merged,new,nevada,Copper,0.1047545788700684,40000,1212,160000.0,2147,0.06683168316831684,0.08989287377736377,0.01,0.22772277227722773,0.25337680484396835,0.05,632.0,0.3523102310231023,0.36283185840707965,0.1
mineral_only_zero_geo,29,20,merged,new,arizona,Gold,0.20830385515901256,42295,1172,169094.746282076,2217,0.12116040955631399,0.14884979702300405,0.010006224540988897,0.3856655290102389,0.44835363103292736,0.05000746732777903,184.0,0.5930034129692833,0.6468200270635994,0.10001357536517945
mineral_only_zero_geo,29,20,merged,new,arizona,Copper,0.1849881663193419,42295,1310,169094.746282076,2527,0.10763358778625955,0.1555203798971112,0.010006224540988897,0.3145038167938931,0.37831420656905423,0.050019574341005985,270.04723232984543,0.516030534351145,0.5813217253660466,0.10001357536517945
mineral_only_zero_geo,29,20,merged,new,colorado,Gold,0.3207943269512435,42500,1375,170000.0,5258,0.15781818181818183,0.17782426778242677,0.01,0.4698181818181818,0.47337390642829974,0.05,216.0,0.6698181818181819,0.7480030429821225,0.1
mineral_only_zero_geo,29,20,merged,new,colorado,Copper,0.1887020561133171,42500,839,170000.0,2064,0.15971394517282478,0.17781007751937986,0.01,0.4266984505363528,0.46027131782945735,0.05,588.0,0.6328963051251489,0.7160852713178295,0.1
mineral_only_zero_geo,43,10,merged,new,nevada,Gold,0.24262881296551256,40000,2348,160000.0,4804,0.07282793867120954,0.1353039134054954,0.01,0.2670357751277683,0.35407993338884264,0.05,632.0,0.42163543441226575,0.5318484596169858,0.1
mineral_only_zero_geo,43,10,merged,new,nevada,Copper,0.14595065869530377,40000,1212,160000.0,2147,0.0858085808580858,0.1481136469492315,0.01,0.3184818481848185,0.3907778295295761,0.05,1720.0,0.45957095709570955,0.5342338146250583,0.1
mineral_only_zero_geo,43,10,merged,new,arizona,Gold,0.24268380765779748,42295,1172,169094.746282076,2217,0.14590443686006827,0.2174109156517817,0.010006224540988897,0.4351535836177474,0.5354082092918359,0.05000746732777903,1408.0,0.6339590443686007,0.7054578258908435,0.10000262953409417
mineral_only_zero_geo,43,10,merged,new,arizona,Copper,0.2486904031202928,42295,1310,169094.746282076,2527,0.1282442748091603,0.18559556786703602,0.010006224540988897,0.4213740458015267,0.5112781954887218,0.05000746732777903,836.0,0.6083969465648855,0.6905421448357737,0.10001115197475786
mineral_only_zero_geo,43,10,merged,new,colorado,Gold,0.42333450847947834,42500,1375,170000.0,5258,0.19418181818181818,0.32141498668695323,0.01,0.5650909090909091,0.7270825408900723,0.05,608.0,0.7214545454545455,0.8799923925446937,0.1
mineral_only_zero_geo,43,10,merged,new,colorado,Copper,0.2911562291571438,42500,839,170000.0,2064,0.21811680572109654,0.3449612403100775,0.01,0.5864123957091776,0.7562984496124031,0.05,1508.0,0.734207389749702,0.8483527131782945,0.1
mineral_only_zero_geo,43,20,merged,new,nevada,Gold,0.186643710266268,40000,2348,160000.0,4804,0.065587734241908,0.1355120732722731,0.01,0.20868824531516184,0.2980849292256453,0.05,344.0,0.3411413969335605,0.4392173189009159,0.1
mineral_only_zero_geo,43,20,merged,new,nevada,Copper,0.10543729576868531,40000,1212,160000.0,2147,0.07590759075907591,0.11271541686073591,0.01,0.22772277227722773,0.2612948299953423,0.05,488.0,0.3572607260726073,0.3782021425244527,0.1
mineral_only_zero_geo,43,20,merged,new,arizona,Gold,0.17657352919662292,42295,1172,169094.746282076,2217,0.10409556313993173,0.12764997744700046,0.010006224540988897,0.3506825938566553,0.41632837167343256,0.05000746732777903,256.0,0.5008532423208191,0.5620207487595851,0.10000262953409417
mineral_only_zero_geo,43,20,merged,new,arizona,Copper,0.1831373465960799,42295,1310,169094.746282076,2527,0.1099236641221374,0.16462208151958843,0.010006224540988897,0.3114503816793893,0.3850415512465374,0.0500188175834806,185.91926860809326,0.49389312977099237,0.556786703601108,0.10001115197475786
mineral_only_zero_geo,43,20,merged,new,colorado,Gold,0.27791854247159264,42500,1375,170000.0,5258,0.14181818181818182,0.1502472422974515,0.01,0.4298181818181818,0.41593761886648917,0.05,436.0,0.5803636363636364,0.6156333206542411,0.1
mineral_only_zero_geo,43,20,merged,new,colorado,Copper,0.1862684552778201,42500,839,170000.0,2064,0.15613825983313467,0.17344961240310078,0.01,0.44934445768772346,0.47819767441860467,0.05,804.0,0.6042908224076281,0.6322674418604651,0.1
